ranking,url,title,region,time,director,actor,1 week culmulative income,all culmulative income,duration,type,rating
1,https://www.maoyan.com/films/1200486,我不是药神,中国大陆,2018/7/5,['文牧野'],"['徐峥', '周一围', '王传君', '谭卓', '章宇', '杨新鸣', '王砚辉', '贾晨飞', '王佳佳', '李乃文', '龚蓓苾', '苇青', '邓飞', '刘頔', '宁浩', '岳小军', '富冠铭', '巴拉特·巴蒂', '喜利图', '张海艳', '朱耕佑', '张子贤', '任洛敏', '杜子蓝', '刘兴雷', '杜家毅', '宁晓志', '马千壹', '石强', '甘昀宸', '何李宁', '陈翃', '肖龙', 'Chenfei Jia']",123812,310002,117,"['剧情', '喜剧']",9.6
2,https://www.maoyan.com/films/1297,肖申克的救赎,美国,1994/9/13,['弗兰克·德拉邦特'],"['蒂姆·罗宾斯', '摩根·弗里曼', '鲍勃·冈顿', '威廉·桑德勒', '克兰西·布朗', '吉尔·贝罗斯', '马克·罗斯顿', '詹姆斯·惠特莫尔', '杰弗里·德曼', '拉里·布兰登伯格', '尼尔·吉恩托利', '布赖恩·利比', '大卫·普罗瓦尔', '乔·劳格诺', '朱迪·斯克勒拉', '保罗·麦克兰尼', '芮妮·布莱恩', '斯科特·曼', '约翰·霍顿', '戈登·格林', '阿方索·弗里曼', 'V·J·福斯特', '约翰·萨默斯', '弗兰克·梅德拉诺', '马克·迈尔斯', '阿兰·凯斯勒', '摩根·伦德', '康奈尔·华莱士', '加里·李·戴维斯', '尼尔·萨默斯', '耐德·巴拉米', '乔·佩科拉罗', '小哈罗德·科普', '布赖恩·戴拉特', '唐·麦克马纳斯', '唐纳德·津恩', '多萝西·希尔沃', '罗伯特·海利', '达纳·斯奈德', 'John D. Craig', '肯·马吉', 'Eugene C. DePasquale', '比尔 柏兰德', '罗恩·纽厄尔', '约翰·伍德沃德', '查克·布劳彻勒', '迪翁·安德森', '克莱尔·史莱姆', 'James Kisicki', '詹姆斯·巴伯森', '罗恩·托马斯', '查理·卡恩斯', 'Rob Reider', '布莱恩·布罗菲', '保罗·肯尼迪', 'Brad Spencer', '丹尼斯·贝克', '弗雷德·克柏森', '丽塔·海华斯', '理查德·杜恩', 'Michael Lightsey', '加里·琼斯', '阿隆佐·F·琼斯', '克里斯·佩吉', '塞尔吉奥·加藤', '约瑟夫·劳格诺', '威廉姆·赛德勒', '杰弗瑞·德穆恩', '保罗·迈克格莱恩', 'Robert Haley', 'Paul Kennedy', 'Neil Riddaway', 'Shane Grove', '加里·琼斯', 'David Hecht', 'Jodiviah Stepp', 'Mark A. Strain']",,,142,"['剧情', '犯罪']",9.5
3,https://www.maoyan.com/films/1206605,绿皮书,美国,2019/3/1,['彼得·法雷里'],"['维果·莫腾森', '马赫沙拉·阿里', '琳达·卡德里尼', '塞巴斯蒂安·马尼斯科', '迪米特·D·马里诺夫', '迈克·哈顿', 'P·J·伯恩', '乔·柯蒂斯', '玛姬·尼克松', '冯·刘易斯', '唐·斯达克', '乔恩·索特兰', '安东尼·曼加诺', '保罗·斯隆', '珍娜·劳伦索', '肯尼斯·以色列', '伊克博·塞巴', '尼克·瓦莱隆加', '大卫·安', '迈克·切罗内', '杰拉尔丁·辛格', '马丁·巴特斯·布拉德福德', '格拉伦·布莱恩特·班克斯', 'Tom Virtue', '沙恩·帕特洛', '丹尼斯·W·霍尔', '吉姆·克洛克', '戴恩·罗兹', '布赖恩·斯特帕尼克', '乔恩·迈克尔·戴维斯', '布莱恩·海耶斯·库瑞', 'Tonya Maldonado', '加文·莱尔·弗雷', '奎恩·达菲', '哈里森·斯通', '比利·布里德', '莱斯利·卡斯泰', '克雷格·迪弗朗西亚', '托尼·查普曼·斯蒂尔', '伊桑·艾哈特', '詹姆斯·W·埃弗莫尔', 'Frank Vallelonga', 'Jim Klock', '丹尼尔', 'Joseph Cortese', 'Johnny Williams', 'Montrel Miller', '瑞奇·缪斯', '胡安·贾斯帕', 'Suehyla El-Attar', '尼克·维勒欧嘉', 'Dimiter Marinov', '辛西亚·勒布朗', '埃尔顿·勒布朗', 'Jeffrey Klemmer', 'Brett Beoubay', '史蒂夫·基什', 'John Frederick', 'David Simpson', 'Ron Flagge', 'Ted Huckabee', 'Sam Malone', 'David Kallaway', 'Brian Distance', 'Von Lewis', 'Don DiPetta', 'Sharon Landry', 'Peter Gabb', 'Ninja N. Devoe']",11502,47872,130,"['剧情', '喜剧', '传记']",9.5
4,https://www.maoyan.com/films/1292,海上钢琴师,意大利,2019/11/15,['朱塞佩·托纳多雷'],"['蒂姆·罗斯', '比尔·努恩', '克兰伦斯·威廉姆斯三世', '普路特·泰勒·文斯', '梅兰尼·蒂埃里', '加布里埃莱·拉维亚', '皮特·沃恩', '尼尔·奥布赖恩', '阿尔贝托·巴斯克斯', '尼古拉·迪·平托', 'Julien Lovett', '安吉洛·迪洛雷塔', 'Pierluigi Coppola', '阿妮妲·扎格利亚', 'Paul Richard Wood', '希思科特·威廉姆斯', 'Adriano Wajskol', 'Beniamino Vitale', 'Ivan Truol Troncoso', 'Michael Supnick', '布莱恩·普林格', 'Riccardo Pellegrino', 'Stefano Pagin', 'Bernard Padden', 'Noriko Aida', '路易斯·莫尔特尼', 'Adrian McCourt', 'Masa Mbatha Opasha', 'Michael Koroukin', 'Emanuele Gullotto', 'Piero Gimondo', 'Eamon Geoghegan', '伊斯顿·盖奇', 'Andrew Dunford', 'Harry Ditson', 'Agostino Di Giorgio', 'Katy Monique Cuom', '西德尼·科尔', 'Norman Chancer', '科里·巴克', 'John Armstead', 'Vernon Nurse', '费米·依鲁福祖', 'Leonid Zaslavski', 'Luigi De Luca', 'Femi Elufowojo', 'Nigel Fan', '凯文·麦克纳利', 'Roger Monk', '曲敬国', '沙拉·鲁宾', '吉达·布塔', '斯蒂法诺·佩格尼', '安杰洛·迪·洛蕾塔', 'Gianluigi Molteni']",6351,14376,126,"['剧情', '爱情', '音乐']",9.3
5,https://www.maoyan.com/films/1211270,哪吒之魔童降世,中国大陆,2019/7/26,['饺子'],"['吕艳婷', '囧森瑟夫', '瀚墨', '陈浩', '绿绮', '张珈铭', '杨卫', '李南', '任俊鹏', '何禹祥', '杏林儿', '雨辰', '刘霖竺', '大海', '陶渊', '大卫·陈', '贾米森·普赖斯', '斯蒂芬妮·社', 'Mike Pollock', '文森特·罗德里格兹三世', 'Adam Sietz', '梅森·任']",66507,503570,110,"['动画', '喜剧', '奇幻']",9.6
6,https://www.maoyan.com/films/1203,霸王别姬,中国大陆,1993/7/26,['陈凯歌'],"['张国荣', '张丰毅', '巩俐', '吕齐', '英达', '葛优', '雷汉', '童弟', '尹治', '马明威', '赵海龙', '费振翔', '李丹', '杨永超', '黄斐', '蒋雯丽', '智一桐', '李春', '吴大维', '黄磊', '宋小川', '张进战', '关之琳', '毛舜筠', '吴君如', '黄百鸣', '吴孟达', '卢敏仪', '黄光亮', '许晴', '岳华', '沈慧芬', '冯远征', '杨立新', '徐杰', '方征', '周璞', '隋永清', '吕奇']",,5,171,"['剧情', '爱情']",9.4
7,https://www.maoyan.com/films/1216365,小偷家族,日本,2018/8/3,['是枝裕和'],"['中川雅也', '安藤樱', '松冈茉优', '池松壮亮', '城桧吏', '绪形直人', '森口瑶子', '山田裕贵', '片山萌美', '柄本明', '高良健吾', '池胁千鹤', '树木希林', '佐佐木美结', '郑凯誉', '足立智充', '莳田彩珠', '瑛莲', '每熊克哉', '沟口奈菜', '友咲圆', '清水一彰', '堀春菜', '松浦慎一郎', '森本のぶ', 'Shinsuke Kasai', 'Hideki Nakano', '伊藤克信', 'Yoshimi Tachi', '黑田大辅', '松冈依都美', '井上肇', '安藤轮子', '桥本真实', '五头岳夫']",4840,9675,121,"['剧情', '犯罪']",8.1
8,https://www.maoyan.com/films/1303,美丽人生,意大利,2020/1/3,['罗伯托·贝尼尼'],"['罗伯托·贝尼尼', '朱斯蒂诺·杜拉诺', '赛尔乔·比尼·布斯特里克', '霍斯特·布赫霍尔茨', '利迪娅·阿方西', '朱利亚娜·洛约迪切', '亚美利哥·丰塔尼', '拉法埃拉·莱博罗尼', '克劳迪奥·阿方西', '于尔根·博恩', '维蕾娜·布拉蒂', '罗伯特·卡梅罗', '恩尼奥·孔萨尔维', '吉安卡尔洛·科森蒂诺', '亚伦克·雷格', 'Alfiero Falomi', 'Daniela Fedtke', 'Antonio Fommei', 'Stefano Frangipani', 'Ernst Frowein Holger', 'Alessandra Grassi', 'Hannes Helmann', 'Wolfgang Hillinger', 'Margareta Lucia Krauss', 'Patrizia Lazzarini', 'Maria Letizia', 'Concetta Lombardo', 'Maria Rita Macellari', 'Carlotta Mangione', 'Francesca Messinese', 'Inger Lise Middelthon', 'Andrea Nardi', 'Günther Pfanzelter', 'Cristiana Porchiella', '吉娜·诺维勒', 'Laura Rudeberg', 'Massimo Salvianti', 'James Schindler', 'Andrea Tidona', '迪尔克·范登贝格', 'Giovanna Villa', ""Roberto Dell'Acqua"", 'Katia Crispino', '奥梅罗·安东努蒂', '尼可莱塔·布拉斯基', '沈晓谦', '乔治·坎塔里尼', '张欣', '玛丽萨·帕雷德斯', '汉尼斯·赫尔曼', '彼得·德·席尔瓦', '弗朗西斯·古佐', '吉尔·巴罗尼', '马西莫·比安奇', '阿伦·克雷格', '弗兰科·梅斯科利尼', '安东尼奥·普雷斯特', '理查德·塞梅尔', '李靖飞', 'Laura Susanne Ruedeberg', 'James Falzone', 'Daniela Fedke']",2380,5979,116,"['战争', '剧情', '爱情']",9.3
9,https://www.maoyan.com/films/4055,这个杀手不太冷,法国,1994/9/14,['吕克·贝松'],"['让·雷诺', '加里·奥德曼', '娜塔莉·波特曼', '丹尼·爱罗', '彼得·阿佩尔', 'Willi One Blood', '唐·克里奇', 'Keith A. Glascoe', '伦道夫·斯科特', '迈克尔·巴达鲁科', '艾伦·格里尼', '伊丽莎白·瑞根', '卡尔·马图斯维奇', '弗兰克·赛格', '卢修斯·怀亚特·切罗基', '埃里克·查利', '吕克·伯纳德', '麦温·勒·贝斯柯', 'Jessie Keosian', '乔治·马丁', '阿卜杜勒·哈桑·谢里夫', '斯图亚特·鲁丁', '肯特·布劳德赫斯特', 'Tommy Hollis', '彼得·吉安卢卡利纳瑞', '强尼·里默', '丹尼·贝利', '赛斯杰罗姆·沃克', '迈克尔·蒙德拉', 'Alex Dezen', 'Betty Miller', 'Geoffrey Bateman', 'Arsène Jiroyan', 'Peter Vizard', '约瑟夫·玛勒巴', '大卫·w·巴特勒', '罗伯特·拉萨多', 'Steve Gonnelo', 'William James Stiggers Jr', 'Anthony Ragland', '水晶·米歇尔·布莱克', '桑尼·齐托', '洛基·埃尔南德斯', '兰迪·珀尔斯坦', 'Trevor Walace', '基思·布洛克', '弗雷德·菲舍尔', 'Peter Justinius', 'Denis Bellocq', 'Thomas Delehanty', 'Ed Ventresca', 'Wallace Wong', 'Cary Wong', 'Amimul Rolly', 'Mohammed Rashid', '亚当·布斯奇', '马里奥·托迪斯科', 'James Melissinos', '杰纳德.布鲁克斯', 'Matt De Matt', '萨米·纳塞利', '克里斯托夫·戈蒂埃', 'Junior Almeida', '大卫·格雷格', 'Michel Montanary', '埃尔韦·胡森', 'Didier Legros', '马克·安德烈奥尼', '吉尔·克莱伯', 'Junior John Levis', 'Tony Sauraye', 'Thierry Maurio', '让·雨果·安格拉德', 'James Fahrner', 'Michael Wehrhahn', 'Daniel Schenmetzler', 'Alyssia Dujmovich', '麦温', '沈晓谦', '大塚明夫', '埃莱娜·卡多纳', 'Jeff McBride']",,,110,"['剧情', '动作', '犯罪']",9.4
10,https://www.maoyan.com/films/46818,怦然心动,美国,2010/7/26,['罗伯·莱纳'],"['玛德琳·卡罗尔', '卡兰·麦克奥利菲', '艾丹•奎因', '瑞贝卡·德·莫妮', '安东尼·爱德华兹', '约翰·马奥尼', '佩内洛普·安·米勒', '凯文·韦斯曼', '摩根·莉莉', '瑞安·克茨纳', '吉莉安·普法夫', '迈克尔·博萨', '博·勒纳', '杰奎琳·埃沃拉', '泰勒·格鲁秀斯', '艾莉·布莱恩特', '阿什莉·泰勒', '伊瑟尔·布罗萨德', '科迪·霍恩', 'Frankie Potochick', 'Quintin Hicks', 'Wallace Bridges', 'Inga R. Wilson', 'Jake Reiner', '迈克尔·博尔顿', '肖恩·哈珀', 'Linda Auwers', 'Ruth Crawford', '斯戴芬妮·斯考特', 'Joseph Varsanik', 'Tyler Martin Moylan', 'Tristan DeRoches', '帕特丽夏·伦茨', 'Spencer Rohatynski', 'Chase Gall', '马修·戈尔德', '阿罗拉·凯瑟琳·史密斯', '凯莉·唐纳利', '索菲亚·撒高', '米歇尔·梅斯默', '卡拉 帕西托', '凯特琳·帕西托', '斯科特·乔尔·吉兹基', '阿拉米斯·奈特', '罗德·迈尔斯', 'Hahn Cho', 'Julia Hershey', 'Sydney Lumbert', 'Clarinda Ross', '约翰·玛哈尼', 'Michael Christopher Bolten']",,,90,['爱情'],8.9
11,https://www.maoyan.com/films/416,盗梦空间,美国,2010/9/1,['克里斯托弗·诺兰'],"['莱昂纳多·迪卡普里奥', '渡边谦', '约瑟夫·高登-莱维特', '玛丽昂·歌迪亚', '艾利奥特·佩吉', '汤姆·哈迪', '基里安·墨菲', '汤姆·贝伦杰', '迈克尔·凯恩', '皮特·波斯尔思韦特', '迪利普·劳', '卢卡斯·哈斯', '李太力', '克莱尔·吉尔蕾', '马格努斯·诺兰', '泰勒·吉蕾', '乔纳森·吉尔', '水源士郎', '冈本玉二', '厄尔·卡梅隆', '瑞恩·海沃德', '米兰达·诺兰', '拉什·费加', '蒂姆·科勒赫', '妲露拉·莱莉', '尼古拉斯·克拉克', '克拉雷·戴珂拉', '西尔维·拉古纳', '魏吉拉·布拉姆雷', '简·西谢尔·达哥瑞', '海琳娜·库林纳', '马克·弗莱施曼', '郎谢丽', '克莱格·塞尔博', '安吉拉·那森', 'Natasha Beaumont', '马克·拉杜奇', '卡尔·吉丽亚德', '吉尔·马德雷尔', '亚历克斯·朗伯德', '尼古拉·普利曼', '彼特·巴适姆', '迈克尔·加斯顿', '菲利克斯·斯科特', '安德鲁·普利文', '丽萨·雷纳德', '杰森·坦戴尔', '杰克·吉尔罗伊', '珊农·威利斯', '艾黛姆·科尔', '莫宾·汗', '杰克·穆雷', '娜塔莉·纳什图科瓦', '约翰·希亚拉彻', '迈克尔·奥古斯特', '丹尼尔·吉伦杜', 'Scott Pretty', '本·施密特', '诺曼·萨利特', '阿隆佐·F·琼斯', 'Youlanda Davis', '晟焕乔', '艾梵·塔瑞', '肯尼斯·马克·巴汗', '安德鲁·霍格兰', '让·克里斯托弗·莱杰', '扎卡里·克里斯托弗·费伊', '科林·史密斯', '约翰·劳森', '玛格丽特·因索利亚', '工藤俊作', 'François-Marie Nivon', '斯里安·墨菲', '赖安·海沃']",,49620,148,"['动作', '悬疑', '惊悚', '科幻']",9
12,https://www.maoyan.com/films/1633,阿甘正传,美国,1994/7/6,['罗伯特·泽米吉斯'],"['汤姆·汉克斯', '罗宾·怀特', '加里·西尼斯', '麦凯尔泰·威廉逊', '莎莉·菲尔德', '海利·乔·奥斯蒙', '迈克尔·康纳·亨弗里斯', '哈罗德·G·赫瑟姆', '山姆·安德森', '伊俄涅·M·特雷奇', '彼得·道博森', '希芳·法隆', '伊丽莎白·汉克斯', '汉娜·豪尔', '克里斯托弗·琼斯', '约翰·沃什姆', '罗布·兰德里', '杰森·麦克奎尔', '桑尼·施罗耶', '艾德·戴维斯', '罗根·利文斯顿·戈麦斯', '库尔特·拉塞尔', '本·瓦德尔', '瑞贝卡·威廉姆斯', '约翰·蓝道尔', '泰勒·朗', '玛戈·摩尔', '鲍勃·佩尼', 'Fay Genens', '克里斯汀·溪布鲁克', '乔治·凯利', '格雷迪·鲍曼', '弗兰克·盖尔', '皮特·奥斯特', '凯文·摩根', '亚历山大·泽米吉斯', '布雷特·赖斯', '丹尼尔C.斯瑞派克', 'Bruce Lucvia', '大卫·布鲁斯宾', '柯克·沃德', '安吉拉·洛玛斯', '蒂莫西·雷科德', '德博拉·麦克蒂尔', '马克·玛特宜森', '艾尔·哈林顿', '杰德·吉林', '鲍勃·哈克斯', '唐·费舍尔', '肯尼斯·贝文顿', '迈克尔·弗兰纳里', '盖瑞·罗宾逊', '玛琳娜·斯莫尔斯', '凯蒂·K·格林', '阿非莫·奥米拉', '马特·瓦勒斯', '但丁·麦卡锡', '保利·迪可可', '迈克·乔利', '迈克尔·克梅林', '约翰·沃德斯塔德', '杰弗瑞·威纳', '拉斯·威尔逊', '丹尼尔·J·格鲁力', '凯文·加兹登', 'Aaron Izbicki', '史蒂芬·格里菲斯', '比尔·罗伯逊', '迈克尔·麦克福尔', '埃里克·安德伍德', '拜伦·明斯', 'Steve DeRellian', '斯蒂芬·布吉格沃特', '斯科特·奥利维尔', '邦妮·安·伯吉斯', '约翰·威廉·高尔特', '希拉里·沙普兰', '伊莎贝尔·罗斯', '杰伊·罗斯', ""Richard D'Alessandro"", '迪克·史迪威', '凯文·戴维斯', '迈克尔-杰斯', '杰弗里·布莱克', '蒂姆·佩里', '瓦妮莎·罗斯', '艾米丽·凯里', '保罗·瓦什奇科夫斯基', '瓦伦蒂诺', '迪克·卡维特', '乔·斯特法尼利', '蒂芙妮·萨勒诺', '马拉·苏查雷特扎', 'Aloysius Gigl', '杰克·鲍登', '乔·阿拉斯奇', '拉撒路·杰克逊', 'W·本森·泰瑞', '马特·罗本科夫', '彼得·班', '南卡罗来纳州博福特哈利路亚合唱团', '乔·华盛顿', 'Nora Dunfee', '娜塔莉·亨德里克斯', ""Hallie D'Amore"", '吉姆·汉克斯', 'Chiffonye Cobb', '胡安·辛格尔顿', 'Bobby Richardson', '迈克尔·马蒂森', '莱尼·赫布', 'Charles Boswell', '蒂莫西·麦克尼尔', '朗尼·汉密尔顿', '特蕾莎·丹顿', '艾瑞克·斯塔贝瑙', 'Dane Farewell', '史蒂芬·摩尔', '基思·坎贝尔', '丹尼斯·罗伯斯', '克里斯蒂·科顿', 'John Connally', '阿瑟·布雷默', '扎克·哈内尔', '鲍勃·霍普', '林登·贝恩斯·约翰逊', '约翰·肯尼迪', '罗伯特·肯尼迪', '约翰·列侬', '理查德·尼克松', '罗纳德·里根', 'Brendan Shanahan', 'William Shipman', 'Christopher James Hall', '玛丽·艾伦·特雷纳', 'Troy Christian', 'USC Trojan Marching Band', 'Keri-Anne Bilotta', '乔治·华莱士', '迈克尔·伯吉斯', 'Bryan Hanna', 'Mark A. Rich', 'Joe Abby', '埃尔维斯·普雷斯利', '杰奎琳·洛弗尔', 'Aaron Michael Lacey', 'Devon Kelly', 'Jim Keller', 'Shann Johnson', '杰拉尔德·福特', 'James Ent', 'Jim Damron', '迪克·克拉克', 'Jim Boeke', '尼尔·阿姆斯特朗', 'Markus Alexander', 'Rob Adams', '约翰格伦哈丁', '吴俊全', 'Natalie Hendrix', 'Steve DeRelian']",,,142,"['剧情', '爱情']",9.4
13,https://www.maoyan.com/films/1212,千与千寻,日本,2019/6/21,['宫崎骏'],"['柊瑠美', '周冬雨', '入野自由', '井柏然', '夏木真理', '王琳', '中村彰男', '彭昱畅', '菅原文太', '田壮壮', '泽口靖子', '内藤刚志', '我修院达也', '神木隆之介', '玉井夕海', '大泉洋', '小林郁夫', '上条恒彦', '小野武彦', '安田显', '斋藤志郎', '黛维·切斯', '杰森·马斯登', '苏珊娜·普莱薛特', '鲍伯·伯根', '迈克·奇科利斯', '罗伦·荷莉', '塔拉·斯特朗', '苏珊·伊甘', '保罗·伊丁', '约翰·拉岑贝格', '杰克·安杰尔', '戴维·奥格登·施蒂尔斯', '雪莉·琳', '莫娜·马歇尔', '詹妮弗·达林', '米凯·麦高万', '科琳·欧肖内希', '菲尔·普洛克特', '吉姆·瓦德', '坎迪·米洛', '罗杰·布帕斯', '户次重幸', '胡立成', '山像香', '脇田茂', '都筑香弥子', 'Noriko Kitou', 'Masayuki Kizu', 'Rina Yamada', 'Madalena Bobone', 'Rui Mendes', '山本道子', 'Akio Nakamura', '山本郁子', 'Filipa Maló Franco', 'João Melo', 'Fernanda Montemor']",19234,48828,125,"['动画', '冒险', '奇幻', '家庭']",9.3
14,https://www.maoyan.com/films/78341,星际穿越,美国,2014/11/12,['克里斯托弗·诺兰'],"['马修·麦康纳', '安妮·海瑟薇', '杰西卡·查斯坦', '麦肯吉·弗依', '卡西·阿弗莱克', '迈克尔·凯恩', '马特·达蒙', '韦斯·本特利', '艾伦·伯斯汀', '约翰·利思戈', '提莫西·查拉梅', '托弗·戈瑞斯', '大卫·奥伊罗', '伊莱耶斯·加贝尔', '大卫·吉亚西', '威廉姆·德瓦内', '利亚姆·迪肯森', '蕾亚·凯恩斯', '克里斯蒂安·范·德·海登', '比尔·欧文', '科莱特·沃夫', '乔什·斯图沃特', '威廉·帕特里克·布朗', '马龙·山德斯', '弗萝拉·诺兰', '本杰明·哈迪', '格里芬·弗雷泽', '杰夫·海普纳', '莉娜·格奥加斯', '马克·卡西米尔·戴妮奇斯', '弗兰西斯·X·麦卡锡', 'Alexander Michael Helisek', '安德鲁·波尔巴', '布鲁克·史密斯', '拉什·费加', '蒂莫西·柴勒梅德', '柯莱特·沃尔芙', '莱娜·乔加斯', '马可·卡西米尔·迪涅维茨', '亚历山大·迈克尔·海利塞', '格里芬·弗莱舍', 'Cici Leah Campbell', 'Troy Fyhn', 'Ryan Irving', 'Alexander Lu', 'Derek McEntire', '约瑟夫·奥利维拉', 'Bryan Stamp', 'Kevan Weber', 'Benjamin Pitz']",26885,87697,169,"['剧情', '科幻', '冒险']",9.3
15,https://www.maoyan.com/films/1304,楚门的世界,美国,1998/6/1,['彼得·威尔'],"['金·凯瑞', '劳拉·琳妮', '诺亚·艾默里奇', '安东尼·科隆', '艾德·哈里斯', '保罗·吉亚玛提', '菲利普·贝克·霍尔', '布赖恩·戴拉特', 'Mario Ernesto Sánchez', '马西娅·德波尼斯', 'Sam Kitchin', 'Adam Tomei', '肖恩·托马斯', '特里·金瑞利', 'Donna Hardy', '乔尔·麦金农·米勒', '苏珊·安吉洛', '冈本玉二', '马克·麦考利', 'Lorin Moore', 'Courtney Pakiz', 'Mickalean McCormick', '梅丽莎·菲茨杰拉德', 'Jake Eberle', 'Kiyoko Yamaguchi', 'Carly Smiga', 'Tom Simmons', '珍妮特·米勒', 'Millie Slavin', '佐恩·勒罗伊', 'Al Foster', 'Joe Minjares', 'Krista Lynn Landolfi', 'John Pramik', '约翰·普莱舍', '伍娜·戴蒙', 'Logan Kirksey', 'Joseph Lucus', 'Larry McDowell', 'Matthew McDonough', 'R.J. Murdock', 'Robert Davis', 'Darryl Davis', 'Marco Rubeo Marco Rubeo', 'Tony Todd', 'Jay Saiter', 'Mark Alan Gillott', 'Dave Corey', 'Sebastian Youngblood', 'Kade Coates', '约翰·罗斯留斯', 'Savannah Swafford', 'Jim Towers', 'David Andrew Nash', 'Earl Hilliard Jr', '贾德森·沃恩', 'Mal Jones', '穆里尔·穆尔', 'Nastassja Schmiedt', 'Angel Schmiedt', 'Fritz Dominique', 'Judy Clayton', 'Ted Raymond', 'Don Taylor', 'Ron Taylor', '海迪·萨卡斯', 'Blair Slater', '霍兰德·泰勒', '中村佐惠美', '菲利普·格拉斯', '哈里·谢尔', '彼得·克劳斯', '娜塔莎·麦克艾霍恩', 'Kevin D. Ross', '特瑞·卡米勒里', 'Dona Hardy']",,,103,['剧情'],8.9
16,https://www.maoyan.com/films/70976,触不可及,法国,2011/11/2,"['奥利维埃·纳卡什', '埃里克·托莱达诺']","['弗朗索瓦·克鲁塞', '奥玛·希', '安娜·勒尼', '奥德雷·弗勒罗', '阿尔芭·贝露琪', 'Cyril Mendy', 'Christian Ameri', 'Grégoire Oestermann', '玛丽-洛尔·德库洛', 'Dominique Daguier', 'François Caron', '多萝特博里埃', '艾米丽·卡恩', 'Sylvain Lazard', 'Abdel Sellou', '皮埃尔-罗兰·巴纳隆', 'Dominique Henry', 'Alain Anthony', 'Elliot Latil', 'Kévin Wamo', 'Michel Winogradoff', 'Caroline Bourg', '海迪·布奇纳法', 'Fabrice Mantegna', '安托万·劳伦特', 'Jérôme Pauwels', 'Benjamin Baroche', 'Nicky Marbot', 'Renaud Barse', 'Ian Fenelon', 'Jean François Cayrey', '托马·索利韦尔', '约瑟芬娜·德·摩', 'François Bureloup', '克洛蒂尔德·莫莱特', 'Absa Diatou Toure', '萨丽马特·卡马特', '让·弗朗索瓦·凯雷']",,,112,"['剧情', '喜剧']",9.1
17,https://www.maoyan.com/films/3667,辛德勒的名单,美国,1993/11/30,['史蒂文·斯皮尔伯格'],"['连姆·尼森', '拉尔夫·费因斯', '本·金斯利', '艾伯丝·戴维兹', '卡罗琳·古多尔', '马克·伊瓦涅', '安德烈·瑟韦林', '戈兹·奥托', 'Michelle Csitos', 'Razia Israeli', 'Hubert Kramar', 'Georges Kern', '亚历山大·斯特罗贝勒', '托马斯·莫里斯', 'Lucyna Zabawa', 'Martin S. Bergmann', 'Maciej Orlos', 'Osman Ragheb', 'Tadeusz Huk', '马丁·塞梅洛格', '奥拉夫·卢巴申科', '约哼·尼克尔', '艾尔文·莱德', 'Eugeniusz Priwieziencew', '布兰科·拉斯蒂格', '路德格·皮斯特', '奥古斯特·施梅尔泽', '吉恩·莱赫纳', '埃琳娜·勒文松', '塔德乌什·布拉德茨基', '耶日·诺瓦克', 'Jacek Wójcicki', '诺伯特·魏塞尔', 'Katarzyna Tlalka', 'Ben Talar', 'Marta Bizon', 'Beata Deskur', '玛丽亚·佩斯泽克', 'Zuzanna Lipiec', 'Maciej Kowalewski', 'Katarzyna Smiechowicz', 'Emilie Schindler', 'Leopold Rosner', 'Leopold Pfefferberg', 'Kamil Krawiec', 'Ryszard Horowitz', '埃斯蒂·耶鲁沙米', 'Dorit Seadia', 'Wolfgang Seidenberg', 'Michael Schiller', 'Alexander Buczolich', 'Edward Linde-Lubaszenko', 'Hans Rosner', 'Danny Marcu', 'Alicja Kubaszewska', 'Dominika Bednarczyk', 'Agnieszka Korzeniowska', 'Ravit Ferera', 'Lidia Wyrobiec-Bank', 'Sebastian Konrad', 'Bartek Niebielski', 'Piotr Kadlcik', 'Ryszard Radwanski', 'Sebastian Skalski', '玛雅·奥丝塔泽斯卡', 'Hanna Kossowska', 'Jacek Lenczowski', 'Radoslaw Krzyzowski', 'Maciej Winkler', 'Dirk Bender', 'Dariusz Szymaniak', 'Jerzy Sagan', 'Ruth Farhi', 'Ethel Szyc', 'Sigurd Bemme', 'Peter Flechtner', 'Wilhelm Manske', 'Maciej Kozlowski', '维斯瓦夫·科马萨', '简·朱雷维奇', '阿格尼兹卡·旺格', 'Jeremy Flynn', 'Anemona Knut', '阿格涅兹卡·克鲁科沃娜', 'Magdalena Komornicka', 'Dieter Witting', 'Marcin Grzymowicz', 'Zbigniew Kozlowski', 'Marek Wrona', '约阿希姆·保罗·阿斯波克', '皮奥特·赛尔沃斯', 'Slawomir Holland', '托马斯·德德克', 'Jacek Pulanecki', 'Peter Appiano', '海蒙·玛丽亚·巴汀格', 'Stanislaw Brejdygant', '格里高兹·达米茨基', '马瑞安·格林卡', 'Daniel Del Ponte', 'Andrzej Welminski', 'Michael Z. Hoffmann', 'Hans-Michael Rehberg', '阿图斯·玛丽亚·马西森', 'Beata Rybotycka', 'Hans-Jörg Assmann', '斯坦尼斯瓦夫·科恰诺维奇', 'Vili Matula', 'Grzegorz Kwas', '贝蒂娜·库珀', 'Ewa Kolasinska', '亨里克·比斯塔', '奥莉维亚·达布罗斯卡', 'Shabtai Konorti', '帕维·德朗柯', 'Magdalena Dandourian', '亚当·谢米恩', 'Uri Avrahami', 'Leopold Kozlowski', '拉米·希尔伯格', 'Ezra Dagan', 'Piotr Polk', 'Beata Paluch', 'Aldona Grochal', 'Michael Gordon', 'Albert Misak', '安娜·穆查', 'Miri Fabian', '迈克尔·施奈德', 'Adi Nitzan', 'Harry Nehring', '克齐斯茨托夫·拉夫特', '弗里德里希·冯·图恩', '碧翠斯·马科拉', 'Shmuel Levy', 'Malgorzata Gebel', '乔纳森·萨加尔', '杰拉德·亚历山大·海德', '胡契克·卡勒塔', '马尔戈萨·格贝尔', '吴俊全', '佐久间玲', '彭河', 'Etl Szyc']",,,195,"['剧情', '历史', '战争']",9.2
18,https://www.maoyan.com/films/1319,情书,日本,1999/3/1,['岩井俊二'],"['中山美穗', '丰川悦司', '酒井美纪', '柏原崇', '范文雀', '光石研', '神户浩', '盐见三省', '梅田凡乃', '长田江身子', '山口诗史', '加贺麻理子', '铃木庆一', '田口智朗', '铃木兰兰', '筱原胜之', '永田恵美子', '小栗香织', '後藤直樹', '酒井敏也', '中村久美', '山崎一', '德井优', '武藤寿美']",,6521,116,"['剧情', '爱情']",8.9
19,https://www.maoyan.com/films/342068,寻梦环游记,美国,2017/11/24,"['李·昂克里奇', '阿德里安·莫利纳']","['安东尼·冈萨雷斯', '本杰明·布拉特', '盖尔·加西亚·贝纳尔', '芮妮·维克托', '爱德华·詹姆斯·奥莫斯', '阿兰娜·乌巴赫', '杰米•卡米尔', '赫伯特·西古恩萨', '阿方索·阿雷奥', '加布里埃尔·伊格莱西亚斯', '隆巴多·博伊尔', '安娜·奥菲丽亚·莫吉亚', '赛琳娜·露娜', '索菲亚·伊斯皮诺萨', '卡拉·梅迪纳', '黛娅娜·欧特里', '路易斯·瓦尔德斯', '布兰卡·阿拉切利', '萨尔瓦多·雷耶斯', '切奇·马林', '奥克塔维·索利斯', '约翰·拉岑贝格', '娜塔丽·科尔多瓦', '以利亚·罗德里格斯', '石桥阳彩', '阿兰纳·乌巴奇']",11869,123008,105,"['动画', '冒险', '家庭']",9.6
20,https://www.maoyan.com/films/588362,摔跤吧！爸爸,印度,2017/5/5,['涅提·蒂瓦里'],"['阿米尔·汗', '沙克希·坦沃', '法缇玛·萨那·纱卡', '阿帕尔夏克提·库拉那', '塞伊拉·沃西', '毛毛头', '维万·巴特那', '里特维克·萨霍里', '吉里什·库卡尼', 'Anmol Charan', 'Jagbir', 'Olamilekan Akanbi Jason', 'Hafiz Khan', '阿努拉格·阿罗拉', '马谢什·巴拉吉', 'Badrul Islam', 'Meenu Prajapati', 'Gurpreet Toti', 'Sumit Khanna', '什沙尔·夏尔马', '苏哈妮·巴特纳格尔', '桑亚·玛荷塔', 'Ishika Gagneja', '安什·拉索尔']",8685,129932,140,"['喜剧', '动作', '家庭']",9.8
21,https://www.maoyan.com/films/1218727,何以为家,黎巴嫩,2019/4/29,['娜丁·拉巴基'],"['赞恩·阿尔·拉菲亚', '约丹诺斯·希费罗', '博鲁瓦蒂夫·特雷杰·班科尔', '娜丁·拉巴基', '卡萨尔·艾尔·哈达德', '埃利亚斯·库利', 'Suhas Palshikar', 'Leena Bhagwat', '法迪·尤瑟夫', '海塔·塞德拉·伊扎姆', '阿拉·乔什涅', '努尔·艾尔·侯赛尼', 'Fadi Kassem']",17036,37684,116,['剧情'],9.3
22,https://www.maoyan.com/films/995,少年派的奇幻漂流,美国,2012/11/22,['李安'],"['苏拉·沙玛', '伊尔凡·可汗', '塔布', '拉菲·斯波', '阿尤什·坦东', '加塔姆·贝鲁尔', '阿迪勒·侯赛因', '阿伊·可汗', '穆德·阿巴斯·卡勒里', '维比什·希瓦库玛', '热拉尔·德帕迪约', '詹姆斯·塞托', '俊·奈托', '安德里亚·迪·斯戴法诺', '沙拉万提·塞纳特', '埃利·阿鲁夫', '帕德米尼·拉姆康托', 'T·M·卡西克·司瑞尼瓦莎', '阿玛伦·瑞米南', '哈里·米那·巴拉', '王柏杰', '柯一正', '黄健玮', '拉维·纳塔森', '艾德亚特·巴拉吉', '基拉格·奥格沃', '阿罕·安德烈·卡玛斯', '欧姆·卡玛斯', '斯瑞莱克·卡塔', '沙瓦提·范·拉斯维克', 'M.吉尔萨那', '英多莫汗·普尔尼玛', '约瑟夫·尼西亚·B', '沙姆克莎·S', 'A·戴娃·桑德里', 'G·瓦萨塔库马里', 'A·韦斯亚', '马西里·普拉卡什', '拉杰·帕特尔', '哈迪西亚·哈米德', '伊斯沃尔·撒里库玛', '阿彦·汗', '路知行', 'T.M. Karthik']",10263,57288,127,"['剧情', '奇幻', '冒险']",9
23,https://www.maoyan.com/films/1215201,小丑,美国,2019/10/4,['托德·菲利普斯'],"['华金·菲尼克斯', '罗伯特·德尼罗', '亚历克·鲍德温', 'Jolie Chan', 'Alex Xenos', 'Jaine Ye', 'Chuck Taber', 'Ben Heyman', 'Adrienne Lovette', 'Lana Harwood', 'Loretta Anne Miller', 'Dj Nino Carta', 'Celeste Pisapía', 'Michael Lepre', 'Jesse Schratz', '约翰·卡什', '马克·马龙', '莎姬·贝兹', '谢伊·惠格姆', '弗兰西丝·康罗伊', '布莱恩·考伦', '布莱恩·泰里·亨利', '布莱特·卡伦', '道格拉斯·霍奇斯', '格伦·弗莱舍尔', '比尔·坎普', '乔什·帕斯', '但丁·佩雷拉-奥尔森', '玛丽·凯特·马拉特', '迈克尔·本茨', '莎珑·华盛顿', '桑德拉·詹姆斯', '托尼·赫德', '曼德拉·贝拉米', '乔·奥克曼', '卡尔·伦德施泰特', '米克·奥罗克', '大卫·吉布森', '伊万·罗萨多', '安妮·皮萨派', '布莱斯·科里根', '乔恩·道格拉斯', '艾恩斯利·丹恩', '杰森·约翰·奇卡莱塞', '加里·古尔曼', '贾斯汀·塞洛克斯', '大卫·伊亚科诺', '本·沃黑特', '汉娜·格罗斯', '艾普尔·格蕾丝', '弗兰克·伍德', 'Mark Falvo', 'Ray Iannicelli', '托马斯·斯图尔特', 'Mark Lotito', 'Ryan Funigiello', 'Tamiz U. Rezvi', 'Kim Brockington', 'David Valentino Penaga', '约翰·塞纳迭姆博', 'Dennis J. Funny,D-Fun,Funny,D.j.Funny', '克里斯·里德', '皮特·本森', 'Craig Austin', '史蒂芬·斯坦顿', 'Leigh Gill', 'Jeff McCarthy', 'Keith Buterbaugh', 'Murphy Guyer', '山姆·莫瑞尔', 'Greer Barnes', 'Jane Fergus', 'Danny Schoch', '詹姆斯·西科内', 'Graham Maby']",,,122,"['剧情', '惊悚', '犯罪']",8.6
24,https://www.maoyan.com/films/38286,忠犬八公的故事,美国,2009/6/13,['拉斯·霍尔斯道姆'],"['Forest', '理查·基尔', '琼·艾伦', '田川洋行', '萨拉·罗默尔', '杰森·亚历山大', '艾瑞克·阿瓦利', '达文尼亚·麦克法登', '罗比·萨布莱特', '凯文·德科斯泰', 'Rob Degnan', '托拉·霍斯特洛姆', '唐娜·索贝洛', 'Frank S. Aronson', '特洛伊·多尔蒂', '伊恩·谢尔曼', '蒂莫西·克罗', 'Denece Ryland', '贝茨·怀尔德', '布莱克·弗里德曼', '丹尼尔·柯比', '罗伊·苏萨', 'Rich Tretheway', 'Thomas Tynell', 'Raymond Alongi', 'Ellen Becker-Gray', 'Desiree April Connolly', 'Patrick Mel Hayes', 'Edward L. Papazian', '亚美利哥·普雷休蒂', 'Rich Skinner', '罗伯特·卡普荣', 'Gloria Crist', '加里·罗斯科', 'Donald Warnock', 'Adam Masnyk', '奥斯卡J·卡斯蒂罗', '文森特J.恩肖', '马丁·蒙塔纳', '摩根·奥布莱恩', 'Ben Skinner', 'Michael Kelly', 'Joanne Fanara', 'Luke Allard', '肖恩·法雷尔', '盖尔·布格贾', '伊丽莎白·弗里曼', 'Albert Gornie', '高岛彩', 'Timothy Crowe', '理查德·基尔']",,,93,['剧情'],9.3
25,https://www.maoyan.com/films/267,泰坦尼克号,美国,1998/4/3,['詹姆斯·卡梅隆'],"['莱昂纳多·迪卡普里奥', '凯特·温丝莱特', '比利·赞恩', '格劳瑞亚·斯图尔特', '凯西·贝茨', '弗兰西丝·费舍', '比尔·帕克斯顿', '伯纳德·希尔', '姜广涛', '大卫·沃纳', '维克多·加博', '乔纳森·海德', '阿那托利·萨加洛维奇', '苏茜·爱米斯', '伊万·斯图尔特', '詹姆斯·卡梅隆', '刘易斯·阿伯内西', '尼古拉斯·卡斯柯恩', '丹尼·努齐', '杰森·贝瑞', '艾恩·格拉法德', '乔纳森•菲利普斯', '马克·林赛·查普曼', '理查德·格拉翰', '保罗·布赖特威尔', '艾瑞克·布里登', '夏洛特·查顿', '博纳德·福克斯', '迈克尔·英塞恩', '法妮·布雷特', '马丁·贾维斯', '罗莎琳·艾尔斯', '罗切尔·罗斯', '乔纳森·伊万斯-琼斯', '西蒙·克雷恩', '爱德华·弗莱彻', 'Scott Anderson', '马丁·伊斯特', '克雷格·凯利', '詹姆斯·兰开斯特', '艾尔莎·瑞雯', '卢·帕尔特', '泰瑞·佛瑞斯塔', '凯文·德·拉·诺伊', '竹内结子', '詹姆斯·霍纳', '佐佐木澄江', '曲敬国', '斯科特·安德森', '格雷戈里·库克', '利亚姆·图伊', '罗恩·多纳基', '史蒂文·奎里', '詹妮特·戈德斯坦恩', '林凡', '马丁·莱恩', 'Linda Kerns', '马丁·哈伯', '德里克·李', '保罗·赫伯特', '亚历山大·欧文斯', 'Julene Renee', '凯西·贝茨', '维克托·加柏', '马克·林德塞·查普曼', 'Paul Brightwell', 'Camilla Overbye Roos', 'Amy Gaipa', 'Rocky Taylor', '西蒙·克莱恩', 'Edward Fletcher', 'Scott G. Anderson', 'Mark Rafael Truitt', 'Garth Wilton', 'Kevin Owers', 'Marc Cass', 'Emmett James', 'Oliver Page', 'Erik Holland', '塞斯·艾德金斯', 'Vern Urich', ""Tricia O'Neil"", 'Dan Pettersson', '格雷格·埃利斯', 'Kris Andersson', 'Aaron James Cash', 'Edmond Alan Forsyth', '斯科特·希斯洛普', '约翰·沃尔卡特', 'Sean Nepita', 'Nick Meaney', '马克·卡普里', '克里斯·伯恩', '詹姆斯·加勒特', 'Jari Kinnunen', '巴里·丹尼', 'Rebecca Klingler', 'Bjørn Olsen', '谢伊·达芬', 'Diana Morgan', '安妮·弗莱彻', 'Andie Hicks', 'Stan Mazin', 'Thomas Füri']",44388,130615,194,"['剧情', '爱情', '灾难']",9.4
26,https://www.maoyan.com/films/344881,你的名字。,日本,2016/12/2,['新海诚'],"['上白石萌音', '佟心竹', '神木隆之介', '皇贞季', '长泽雅美', '市原悦子', '成田凌', '孟令军', '悠木碧', '石川界人', '岛崎信长', '寺杣昌纪', '大原沙耶香', '井上和彦', '茶风林', '花泽香菜', '纪艳芳', '隋桂凤', '牟珈论', '高晗', '王晓巍', '郭金非', '赵鑫', '杨波', '孟丽', '虞桐伟', '武扬', '寺崎裕香', '加藤有花', '田端佑佳奈', '小野冢贵志', 'Baron Yamazaki', '宇佐美凉子', '滨添伸也', '新祐树', '井上优', '中务贵幸', 'Manami Hanawa', 'Eriko Tomioka', 'Glynis Bell', '雷·蔡斯', 'Marc Diraison', '伊尔琳·菲茨杰拉德', 'Sri Gordon', '谢拉米·李', 'H.D. Quinn', '本·普罗斯基', '艾莉森·雷·罗森菲尔德', '贝拉·哈德森', '米夏埃尔·桑泰尔尼克拉斯', 'Maki Terashima-Furuta', 'Scott Williams', '佐藤奏美', '山根希美', 'Tomohiro Yamaguchi', 'Hiroki Matsukawa', 'Kevin T. Collins', '本·迪斯金', 'Paige Fitzgerald', '韦恩·格雷森', '凯尔·赫伯特', 'Cassandra Morris', '劳拉·波斯特', '米歇尔·拉夫', '斯蒂芬妮·社', 'Kaiji Tang']",28657,57571,106,"['爱情', '动画', '奇幻']",9.2
27,https://www.maoyan.com/films/899,当幸福来敲门,美国,2008/1/17,['加布里埃莱·穆奇诺'],"['威尔·史密斯', '贾登·史密斯', '坦迪·牛顿', '布莱恩·豪威', '詹姆斯·凯伦', '丹·卡斯泰兰尼塔', '柯特·富勒', '塔卡尤·费舍尔', '凯文·韦斯特', '乔治·张', '戴维·迈克尔·西尔弗曼', '多米尼克·博夫', '杰弗·卡伦', '乔伊芙·拉文', '斯科特·克拉斯', '拉希达·克伦迪宁', 'Eric Schniewind', 'Peter Fitzsimmons', 'Maurice Sherbanee', '维克托·莱德·维斯勒', '马克·克里斯托弗·劳伦斯', 'Darryl Fong', '乔治·马奎尔', '乔·努内斯', '亚当·德尔·里奥', 'Rocky LaRochelle', 'Reuben Grundy', 'Lo Ming', 'John Kovacevich', 'Bonnie Akimoto', 'Stu Klitsner', ""Tina D'Elia"", '大卫·芬恩', 'George Moffatt', '阿米尔·塔莱', 'Mike Garibaldi', 'Jason Frazier', '凯文·克鲁克', 'David Haines', 'James Finnerty', 'Abigail Van Alyn', 'Bob Greene', 'Robert Anthony Peters', 'Terri Orth-Pallavicini', 'John Robb', 'Daniel Wilder', 'Cathy Fithian', 'Keith Stevenson', 'Jeff Applebaum', 'Victor Hoagland', 'Richard Bischoff', 'Edward Donlin', 'Larry Hunt', 'Rose Aispuro', 'Arbin C. Kumar', '大卫·皮尔', 'Jerry Edward McLilly', 'Shareef Allman', 'Jeffrey Moon', 'Peaches Hutchinson', 'Brandon Deadwiler', 'Tateanna Wheeler-Lezine', 'Karen Kahn', 'Benjamin Fritz', 'David Hodges', 'Shawn Kresal', '多恩·安德鲁·西蒙斯', '莫莉·塞拉斯基', 'Kimberly Contreras', 'Ryan Else', 'Travis Fields', '克里斯·加德纳', '约翰·帕特里克·舒拉克', '艾丽莎·安德瑞格', 'Erin Cahill', 'Regina Antoinette', '扎克·布拉夫', 'Doug Campbell', '里克·坎普', 'Brad Carr', '詹姆斯·科纳', '亚历山大·库科尔', '扎卡里·卡伯森', 'Yeena Lopez', '加瑞特·法贝斯', 'Daryl Anthony Harper', 'David Kiiskinen', 'Tyler MacNiven', 'Steve Potts', ""Rob 'Captain Rob' Robinson"", '塞雷娜·锡德', '威廉·保罗·史密斯', '亚当·王', 'Cindy Warner', 'The Glide Ensemble', 'Martin Andris', '菲尔·奥斯汀', 'Stefano Capone', 'Zuhair Haddad', '伊斯特·斯高特', 'Steven Lindo', 'Elise Angell', 'Ben Fritz', '卡布兰·张伯伦', 'Bill Dietz', 'Brendan Kruse', '马克·拉维尔', 'Tommy Maples', 'Phil Talsky', '罗明', '戴维·阿伦·霍奇斯', '塞西尔·威廉斯', 'Rueben Grundy']",,981,117,"['剧情', '家庭', '传记']",9.3
28,https://www.maoyan.com/films/718,天堂电影院,意大利,2021/6/11,['朱塞佩·托纳多雷'],"['菲利浦·诺瓦雷', '雅克·贝汉', '马克·莱昂纳蒂', '萨瓦特利·卡西欧', '阿格妮丝·那诺', '塔诺·希玛罗萨', '尼古拉·迪·平托', '罗伯塔·蕾娜', '尼诺·戴罗佐', 'Nellina Laganà', 'Turi Giuffrida', '玛丽娜·朱迪切', 'Giorgio Libassi', '莱奥波多·特里耶斯泰', '比阿特丽斯·帕姆', 'Ignazio Pappalardo', 'Angela Leontini', 'Mimmo Mignemi', 'Margherita Mignemi', '布丽吉特·佛西', 'Giuseppe Pellegrino', 'Turi Killer', 'Angelo Tosto', 'Concetta Borpagano', 'Franco Catalano', '普佩拉·玛奇奥', '恩佐·卡拉瓦勒', '艾萨·丹尼埃利', '克莱利娅·龙迪内拉', 'Costantino Carrozza', '珍·亚历山大', '托尼·斯佩兰迪奥', 'Carmelo Di Mazzarelli', 'Tony Palazzo', '弗朗西斯科·斯夫拉美利', '保罗·诺托', '塞尔瓦托雷·比拉', 'Giorgio Guerrieri', '罗斯科·阿巴克尔', 'Antonio Arcidiacono', '茹涅·阿斯托尔', '伊格纳齐奥·巴尔萨莫', '碧姬·芭铎', '约翰·巴里摩尔', '伊萨·巴尔齐扎', '英格丽·褒曼', '维尔玛·班基', '克拉拉·卡拉马伊', 'Mario Castellani', 'Nicola Castorino', '查理·卓别林', '加里·库珀', '奥利维娅·德哈维兰', '维托里奥·德西卡', '柯克·道格拉斯', '埃罗尔·弗林', '让·迦本', '克拉克·盖博', '葛丽泰·嘉宝', '维托里奥·加斯曼', '马西莫·吉洛提', '法利·格兰杰', '加里·格兰特', '乔治亚·黑尔', '劳伦斯·哈维', '海伦·海丝', '路易·茹韦', '安娜·马尼亚尼', '西尔瓦娜·曼加诺', '马塞洛·马斯楚安尼', '阿梅德奥·纳扎里', '苏济·普里姆', '唐娜·里德', '简·拉塞尔', '罗莎琳德·拉塞尔', '伊冯娜·桑松', '玛丽亚·雪儿', '瑙玛·希拉', '西蒙·西涅莱', '阿尔伯托·索迪', '詹姆斯·斯图尔特', '托托', '斯宾塞·屈塞', '克莱尔·特雷弗', '鲁道夫·瓦伦蒂诺', '阿莉达·瓦莉', '约翰·韦恩', 'Bruno Torrisi', '弗朗西斯·古佐', 'Daniele Ferretti', '安东内洛·普利西', '文契尔特·纳瓦拉', 'Marzio Honorato', '安东内拉·阿蒂利', '里奥·故罗塔', 'Franco Scaldati', '朱塞佩·托纳多雷', 'Gaetano Cisco Cimarosa']",875,2000,124,"['剧情', '爱情']",9.3
29,https://www.maoyan.com/films/67214,熔炉,韩国,2011/9/22,['黄东赫'],"['孔刘', '郑有美', '金智英', '金贤秀', '郑仁絮', '白承焕', '张光', 'Jang Kwang', '金志映', 'Baek Seung-Hwan', 'Jeong In-seo', 'Hyeon-soo Kim', '朴慧真', '瑞雨', '金民尚', '林贤成', '金周灵', '严孝燮', '全国焕', '崔镇浩', '严智成', '许在浩', '张素妍', '李相熹', '金智怜', '张宥', '郑亨锡', '洪锡然', '朴惠珍', '郑裕美', '林贤圣', '南明烈', 'Park Hye-jin-i', 'Myeong-ryeol Nam', 'Kwon Yoo-Jin']",,,125,['剧情'],8.8
30,https://www.maoyan.com/films/1205,放牛班的春天,法国,2004/10/16,['克里斯托夫·巴拉蒂'],"['热拉尔·朱尼奥', '让-巴蒂斯特·莫尼耶', '玛丽·布奈尔', '凯德·麦拉德', '弗朗索瓦·贝莱昂', '雅克·贝汉', '让-保罗·博奈雷', '马科森斯·珀林', '格雷戈里·加迪诺尔', '托马斯·布伦门塔尔', '西里尔·伯尔尼科特', '西蒙·法戈特', 'Théodul Carré-Cassaigne', '菲利普·杜·詹纳兰德', '卡罗尔·韦斯', '埃里克·德斯玛莱茨', 'Paul Chariéras', 'Armen Godel', 'Monique Ditisheim', 'Steve Gadler', 'Fabrice Dubusset', 'Marielle Coubaillon', 'Violette Barratier', 'Lena Chalvon', 'Colette Dupanloup', '狄迪尔·弗拉蒙', 'Michel Caccia', 'Mathieu Basset', 'Loïc Bernicöt', 'Christophe Borie', 'Clément Bonnemoy', 'Dimitri Brand', 'Aurélien Bravard', 'Benjamin Charles', 'Niels Dalbignat', 'Gaetan Delaire', 'Louis Deval', 'Jordan Donatella', 'Quentin Donatella', 'Jérémy Duarte', 'Rémi Dubien', 'Aurélien Dussol', 'Patrice Dubrouillet', 'Jérémy Eberle', 'Mickaël Fournier', 'Benoît Fritisse', 'Nicolas Gomme', 'Florian Gontard', 'Bogdan Illouz', 'Giacomo Kahn', 'Marc-Antoine Madeyre', 'Kevin Monteiro', 'Denis Papon', 'Vincent Riqueur', 'Alexandre Resende', 'Anthony Ryat', 'Quentin Alibert', 'Rodrigo Avitt', 'Baptiste Beaumet', 'Yanis Benhamana', 'Vincent Reviron', 'Eloi Buisson', 'Jessy Chalmeton', 'Arthus Chambon', 'Antonin Delahaies', 'Alexandre Dosjoub', 'Mathieu Durif', 'Kevin Eytier', 'Gaël Fayet', 'Loïc Françon', 'Sylvain Fustier', 'Philippe Gaumme', 'Jordy Lapatrie', 'Gary Lemaouche', 'Thomas Levert', 'Jean-Baptiste Malaqui', ""Samuel L'Honnen"", 'Titouan Martin', 'Adrien Pinet', 'Pierre-Alban Vernet', 'Kevin Remont', 'Nicolas Pouyad', 'Maxime Brilland-Guijarro', '泰奥杜尔·卡雷-卡赛尼', '马科森斯·贝汉', '让-保罗·波奈尔']",,,96,"['剧情', '喜剧', '音乐']",8.8
31,https://www.maoyan.com/films/123,龙猫,日本,2018/12/14,['宫崎骏'],"['秦岚', '糸井重里', '岛本须美', '千叶繁', '中村大树', '大谷育江', '日高法子', '坂本千夏', '北林谷荣', '高木均', '丸山 裕子', '鹫尾真知子', '广濑正志', '西村朋纮', '铃木玲子', '雨笠利幸', '平松晶子', '鳕子', '神代知衣', '水谷优子', '龙田直树', '石田光子', '帕特·卡洛尔', '蒂姆·达利', '达科塔·范宁', '艾丽·范宁', '丽娅·萨隆加', '谢丽尔·蔡斯', 'Lara Cody', '弗兰克·维尔克', '娜塔莉·可儿', '肯尼斯·哈特曼', '亚历山德·肯沃西', '史蒂夫·克莱默', 'Aline Leslie', '丽莎·迈克尔逊', '阿什利 罗斯', '凯特琳·彼得森', '埃文•萨巴拉', '布瑞安·西尔多', '格莱格·斯奈哥夫', '保罗·布切', 'Yvonne Russo', '马特·阿德勒', '大卫 梅桑德', 'J·P·马诺克斯', '凯斯·索西', '露西·泰勒', '彼得·雷纳迪', 'Kimberly Guerrero', '扎恩·迈克拉农', '纽威尔·亚历山大', 'Kristin Klabunde', '罗伯特·克洛特沃西', '布里奇特·霍夫曼', 'Melanie MacQueen']",8963,17370,86,"['动画', '冒险', '奇幻', '家庭']",9.2
32,https://www.maoyan.com/films/458721,看不见的客人,西班牙,2017/9/15,['奥里奥尔·保罗'],"['马里奥·卡萨斯', '阿娜·瓦格纳', '何塞·科罗纳多', '芭芭拉·蓝妮', '弗兰塞斯克·奥雷利亚', '帕科·图斯', '大卫·塞尔瓦斯', '伊尼戈·加斯特西', '圣·耶拉莫斯', '马内尔·杜维索', '佩雷·布拉索', '霍尔迪·布鲁内特', '鲍比·冈萨雷斯', '玛蒂娜·乌尔塔多', '露丝·略皮斯', '布兰卡·马丁内斯', '安妮可·韦尔茨', '贝茜·特内兹', '克里斯蒂安·巴伦西亚', 'Jordi Llordella', 'Susana Molina', 'Helena Resano']",3261,17258,106,"['犯罪', '悬疑', '惊悚']",9.4
33,https://www.maoyan.com/films/1247,教父,美国,2015/4/18,['弗朗西斯·福特·科波拉'],"['马龙·白兰度', '阿尔·帕西诺', '詹姆斯·肯恩', '罗伯特·杜瓦尔', '黛安·基顿', '理查德·卡斯特尔诺', '约翰·凯泽尔', '艾尔·勒提埃里', '塔莉娅·夏尔', '阿历克斯·罗克', '索菲亚·科波拉', '乔·斯皮内尔', '斯特林·海登', '约翰·马利', '理查德·康特', '阿贝·维高达', '吉亚尼·罗素', '鲁迪·邦德', '阿尔·马蒂诺', '摩甘娜金', '兰尼·蒙大拿', '约翰马迪诺', 'Salvatore Corsitto', '理查德·詹姆斯·布莱特', '托尼·乔治', '维托·斯科蒂', 'Tere Livrano', '维克多伦蒂纳', 'Jeannie Linero', '朱莉·格雷格', 'Ardell Sheridan', '西蒙蕾妲·瑟法奈尼', '安杰洛·伊凡蒂', '柯拉朵加伊帕', '弗兰科·奇蒂', '萨罗·乌尔齐', '卡迈恩·科波拉', '吉安-卡洛·科波拉', 'Ron Gilbert', 'Anthony Gounaris', '乔·罗·格里普', '桑尼格鲁索', 'Randy Jurgensen', '托尼·利普', 'Frank Macetta', 'Lou Martini Jr', 'Father Joseph Medeglia', 'Rick Petrucelli', 'Burt Richards', 'Sal Richards', '汤姆·罗斯奎', '弗兰克·西维罗', 'Filomena Spagnuolo', 'Gabriele Torrei', '尼克·瓦莱隆加', 'Ed Vantura', 'Matthew Vlahakis', 'Max Brandt', 'Italia Coppola', 'Don Costello', '加里·弗雷德里克森', '路易斯·古斯', 'Peter Lemongello', 'Carol Morley', 'Nino Ruggeri', '罗曼·科波拉', 'Merril E. Joels', 'Norm Bacchiocchi', 'Tybee Brascia', '罗伯特·达赫达赫', 'Raymond Martino', '吉亚尼·卢索', '詹姆斯·凯恩']",,,175,"['剧情', '惊悚', '犯罪']",9.3
34,https://www.maoyan.com/films/341178,头号玩家,美国,2018/3/30,['史蒂文·斯皮尔伯格'],"['泰伊·谢里丹', '奥利维亚·库克', '本·门德尔森', '丽娜·维特', 'T·J·米勒', '西蒙·佩吉', '马克·里朗斯', '森崎温', '拉尔夫·尹爱森', '苏珊·林奇', '克莱尔·希金斯', '劳伦斯·斯佩尔曼', '佩蒂塔·维克斯', '莱蒂希娅·米歇尔·赖特', '赵家正', '汉娜·乔恩-卡门', '艾萨克·安德鲁斯', '基特·康纳', '杰登·奈特', '罗娜·莫里森', '丹尼尔·祖尔格哈德利', '阿隆索·阿尔瓦雷斯', '阿玛尼·杰克逊', '露露·威尔逊', '内特·莫汗', '朱莉娅·尼克森', '利蒂希娅·赖特', '雅各布·贝特兰德', '埃里克·西格蒙德森', '罗伯特·吉尔贝托', '迈克尔·怀德曼', '图尔洛夫·科维里', '麦肯娜·格瑞丝', '茱莉亚·尼克逊', '林恩·威尔默特', '大卫·巴雷亚', '丹尼尔·厄根', '曼迪·琼·特平', 'Daniel Tuite', '纳西尔·贾玛', 'Amy Clare Beales', '乔·赫斯特', '桑德拉·迪金森', 'Jane Leaney', '加绘·亚历山大', 'James Dryden', '布鲁斯·约翰逊', 'Paul Barnhill', 'Georgie Farmer', 'Jadah Marie', '悉尼·布朗', 'Vic Chao', '莎拉·沙曼', 'Joel MacCormack', '罗恩·阿德科鲁埃', '加雷斯·梅森', 'Gavin Marshall', 'Elliot Barnes-Worrell', 'Josh Jefferies', 'Khalil Madovi', '汤姆·特纳', '凯瑟琳·怀德', '大卫·福尔曼', 'Arianna Jaffier', 'Britain Dalton', '卡拉·皮阔', '卡拉·西奥博尔德']",39068,139668,140,"['动作', '冒险', '科幻']",9
35,https://www.maoyan.com/films/20394,被嫌弃的松子的一生,日本,2006/5/27,"['中岛哲也', '酒井圣博']","['中谷美纪', '永山瑛太', '伊势谷友介', '香川照之', '市川实日子', '黑泽明日香', '奥之矢佳奈', '柄本明', '荒川良良', '宫藤官九郎', '剧团一人', '武田真治', '谷原章介', '竹山隆范', '甲本雅裕', '片平渚', '角野卓造', '木村绿子', '滨田麻里', '本田博太郎', '渡边哲', '秋竹城', '木野花', '岛田久作', '榊英雄', '羽田昌义', '山下容莉枝', '山田花子', '江本纯子', '柴崎幸', '土屋安娜', '山本浩司', '佐藤佐吉', '木下邦家', '大久保佳代子', '阿井莉沙', '松下萌子', '苍井空', '江口德子', '田中要次', '广川淳', '谷中敦', '内山理名', '要润', '小池荣子', '铃木惠美', '羽贺研二', '滨田学', '茄子', '盐见三省', '根岸季衣', '渡边夏菜', '矢泽心', '本乡奏多', '北村一辉', '笹野高史', '温水洋一', '新井康弘', '萩原圣人', '铃木兰兰', '濑户早妃', '杉本哲太', '吹越满', '照屋年之', '儿岛雄一', '木村凯拉', '畠山明子', '浅田香织', '镰田小恵子', '星遥子', '三浦萌', '君岛萌', '菅原卓磨', '宫城孔明', '滨田真里', 'BONNIE PINK', 'Gori', 'Maiko Asano', 'Namihiko Ômura', '与座嘉秋', '古本新之辅', '翁华荣', '今井悠贵', '安达佑实', '萱野可芳', '爱衣', 'Kaoru Nagato', ""Shin'ichi Tokuhara"", 'Atsuo Nakata', 'Shôta Kotaki', 'Yûki Katô', 'Sayano Kataoka', 'Hitomi Hiraki', '岭豪一', '竹城明', 'Gô Narumi', '田村泰二郎', 'Donpei Dohira', '小松和重', 'Natsuki Kasa', '荒井圆', 'Aiko Chisaka', '富坚真', 'Rie Yasuma', 'Rie', 'Daisuke Hamada', 'Shûki Kawamata', 'Tomoaki Azuma', 'Osamu Tanpopo', '西胁彩华', '五十岚百合', 'Mayumi Yokoyama', 'Yuki Imamura', 'Hiromi Nakata', 'Takehito Terui']",,,130,"['剧情', '歌舞']",8.5
36,https://www.maoyan.com/films/1375,活着,中国大陆,1994/5/17,['张艺谋'],"['葛优', '巩俐', '牛犇', '郭涛', '姜武', '倪大红', '董飞', '黄宗洛', '刘燕瑾', '李连义', '赵玉秀', '张康', '苏岩', '张璐', '董立范', '朱蕾安', '肖聪', '杨同顺', '王丽华']",,,132,"['剧情', '家庭', '历史']",9
37,https://www.maoyan.com/films/342754,三块广告牌,美国,2018/3/2,['马丁·麦克唐纳'],"['弗兰西斯·麦克多蒙德', '伍迪·哈里森', '山姆·洛克威尔', '艾比·考尼什', '卢卡斯·赫奇斯', '彼特·丁拉基', '约翰·浩克斯', '卡莱伯·兰德里·琼斯', '凯瑟琳·纽顿', '凯瑞·康顿', '泽利科·伊万内克', '萨玛拉·维文', '克拉克·皮特斯', '尼克·西塞', '阿曼达·沃伦', '马拉特·巴沙罗夫', '布兰登·萨克斯顿', '迈克尔·艾伦·米利甘', '桑蒂·马丁', '克里斯托弗·贝瑞', '杰瑞温塞特', '马库斯·里尔·布朗', '劳伦斯·特纳', '西拉·阿特伍德', '里亚·梅·阿特伍德', '达里尔·哈达里·布里特-吉布森', 'Alejandro Barrios', 'Gregory Nassif St. John', 'Jason Ledford', '威廉J·哈里森', 'Eleanor T. Threatt']",1503,6499,115,"['剧情', '犯罪']",8.6
38,https://www.maoyan.com/films/409801,请以你的名字呼唤我,意大利,2017/1/22,['卢卡·瓜达尼诺'],"['提莫西·查拉梅', '艾米·汉莫', '迈克尔·斯图巴', '阿蜜拉·卡萨', '伊斯特·加瑞尔', '维克图瓦尔·杜·布瓦', '旺妲·卡布里奥罗', '安东尼奥·里莫尔迪', '埃琳娜·布奇', '马可·斯格罗索', '安德列‧艾席蒙', '彼得·斯皮尔斯']",,,132,"['爱情', '剧情']",8
39,https://www.maoyan.com/films/1204,死亡诗社,美国,1989/6/2,['彼得·威尔'],"['罗宾·威廉姆斯', '伊桑·霍克', '柯特伍德·史密斯', '梅洛拉·沃尔特斯', '杰米·肯尼迪', '迪伦·库斯曼', '维尔克·怀特', '乔尔·福格尔', 'James Donnell Quinn', 'James R. Stoddard', 'Newton Gilchrist', 'Robert Gleason', 'Nancy Kirk', 'Barry Godin', 'Andrew Hill', 'Sam Stegeman', 'Jason Woody', 'Chris Hull', 'Craig Johnson', '霍纳斯·斯蒂克洛瑞斯', 'Nicholas K. Gilhool', '凯瑟·斯内德', 'Robert J. Zigler III', 'Bill Rowe', 'Ashton W. Richards', 'Simon Mein', 'Hoover Sutton', 'Catherine Soles', 'James J. Christy', 'Richard Stites', '库尔特·莱特纳', 'Charles Lord', 'John Martin Bradley', '迪布拉·穆尼', '约翰·库宁汉姆', ""Christine D'Ercole"", 'Allison Hedges', '帕梅拉·伯勒尔', 'Alan Pottinger', 'Steve Mathios', 'Jane Moore', '凯文·库尼', '马特·凯里', '乔·奥菲耶里', '乔治·马丁', '利昂·波纳尔', '卡拉·贝尔韦尔', '诺曼·劳埃德', '詹姆斯·沃特斯顿', '阿勒隆·鲁杰罗', '盖尔·汉森', '亚历桑德拉·鲍尔斯', '科林·欧文', '拉腊·弗林·鲍尔', '乔西·查尔斯', '罗伯特·肖恩·莱纳德', '乔治·马丁', 'Kevin Cooney', 'John Cunningham']",,,128,['剧情'],8.7
40,https://www.maoyan.com/films/6289,闻香识女人,美国,1992/12/23,['马丁·布莱斯特'],"['阿尔·帕西诺', '克里斯·奥唐纳', '加布里埃尔·安瓦尔', '菲利普·塞默·霍夫曼', '布莱德利·惠特福德', '托德·路易斯', '朗·埃达德', '詹姆斯·瑞布霍恩', '理查德·文彻', 'Margaret Eginton', '汤姆·里斯·法雷尔', '尼古拉斯·萨德勒', '吉恩·坎菲尔德', '弗兰西丝·康罗伊', '朱恩·斯奎布', 'Sally Murphy', '安赫·道格', 'Leonard Gaines', '大卫·兰斯布里', 'Baxter Harris', 'Mansoor Najeeullah', 'Peter Carew', 'Michael Lisenco', 'Divina Cook', 'Russell Gibson', 'Jack Mulcahy', 'Michael Simon', 'Paul Stocker', 'J.T. Cromwell', 'William Beckwith', 'Francie Swift', 'Joseph Palmas', 'Max Stein', 'Julian Stein', 'Erika Feldman', 'Alyson Feldman', 'Michael Santoro', '马特·史密斯', '罗谢尔·奥利弗', '沈晓谦', '吴俊全', 'Dan Gifford', '沈晓谦', '吴俊全', 'Mike Lisenco']",,,157,['剧情'],8.8
41,https://www.maoyan.com/films/246286,疯狂动物城,美国,2016/3/4,"['拜伦·霍华德', '瑞奇·摩尔', '杰拉德·布什']","['金妮弗·古德温', '杰森·贝特曼', '伊德瑞斯·艾尔巴', '珍妮·斯蕾特', 'J·K·西蒙斯', '夏奇拉', '唐·雷克', '内特·托伦斯', '汤米·钟', '奥克塔维亚·斯宾瑟', '邦尼·亨特', '艾伦·图代克', '汤米 里斯特', '雷蒙德·S·珀斯', '莫里斯·拉马奇', '凯蒂·洛斯', '约翰·迪·马吉欧', '德拉·萨巴', '菲尔·约翰斯顿', '吉塔·雷迪', '乔舒华·达拉斯', '利亚·莱瑟姆', '瑞奇·摩尔', '凯斯·索西', '彼得·曼斯布里奇', '拜伦·霍华德', '杰拉德·布什', '乔西·特立尼达', '约翰·拉维尔', '克里斯汀·贝尔', 'Fuschia', '吉尔·科德斯', '特丽·道格拉斯', '梅利莎·古德温', 'Dave Kohut', 'Jeremy Milton', 'Evelyn Wilson Bresee', 'Hewitt Bush', 'Madeleine Curry', '男巫Zach', 'Pace Paulsen', 'Claire K. Smith', 'Jackson Stein', 'David A. Thibodeau', 'Hannah G. Williams', 'John Wheeler', 'Fabienne Rawley', 'Brad Simonsen', '季冠霖', '张震', '林兰', '凌云', '李楠', '任亚明', '王艺璇', '张明铭', '陈喆', '高增志', '李世荣', '藤新', '蔡依林', '林志玲', '王辰骅', '上户彩', '森川智之', '梁博尧', '林谷珍', '符爽', '李勇', '陈季霞', '陈宗岳', '龙显蕙', '王希华', '夏治世', '姜先诚', '孙中台', '刘小芸', '李英立', '高德宇', '容祖儿', '黄子华', '李建良', '高翰文', '刘玉翠', '雷蒙德·S·佩尔西', '杰西·科尔蒂', '马克·史密斯', 'Vassos Alexander', 'Ricardo Boechat', 'David Campbell', '芋洗坂系长', '汤米·利斯特', '乔希·达拉斯', '戴维德·迪格斯', '佟心竹', '尼古拉斯·格斯特']",15517,153190,109,"['动画', '动作', '冒险']",9.5
42,https://www.maoyan.com/films/488,机器人总动员,美国,2008/6/27,['安德鲁·斯坦顿'],"['本·贝尔特', '艾丽莎·奈特', '杰夫·格尔林', '弗莱德 威拉特', 'MacInTalk', '约翰·拉岑贝格', '凯茜·纳基麦', '西格妮·韦弗', '泰迪·牛顿', '鲍伯·伯根', '约翰·齐甘', '彼特·道格特', '保罗·伊丁', '唐纳德·富利洛夫', '特蕾莎·甘泽尔', '杰斯·哈梅尔', '雪莉·琳', '米凯·麦高万', '拉瑞恩·纽曼', '罗里·艾伦', '杰夫·皮金', '扬·拉布森', '洛丽·理查德森', '安德鲁·斯坦顿', '吉姆·瓦德', '克莱特·惠特克', 'Kim Kopf', '安格斯·麦克莱恩', '妮基·麦克尔罗伊', '加勒特·帕尔默', 'Kai Steel Smith', '草刈正雄', '赵增熹', '本·贝尔特', '艾丽莎·奈特', '佛莱德·乌伊拉特', '杰夫·格尔林']",,,98,"['喜剧', '科幻', '动画']",9.3
43,https://www.maoyan.com/films/248172,复仇者联盟4：终局之战,美国,2019/4/24,"['乔·罗素', '安东尼·罗素']","['小罗伯特·唐尼', '克里斯·埃文斯', '马克·鲁法洛', '克里斯·海姆斯沃斯', '斯嘉丽·约翰逊', '杰瑞米·雷纳', '唐·钱德尔', '保罗·路德', '布丽·拉尔森', '凯伦·吉兰', '泰莎·汤普森', '达娜·贾克赛·古瑞拉', '本尼迪特·王', '乔恩·费儒', '格温妮斯·帕特洛', '乔什·布洛林', '本尼迪克特·康伯巴奇', '佐伊·索尔达娜', '克里斯·帕拉特', '安东尼·麦凯', '伊丽莎白·奥尔森', '伊万杰琳•莉莉', '汤姆·赫兰德', '蕾妮·罗素', '约翰·斯拉特里', '查德维克·博斯曼', '塞巴斯蒂安·斯坦', '汤姆·希德勒斯顿', '戴夫·巴蒂斯塔', '利蒂希娅·赖特', '庞·克莱门捷夫', '范·迪塞尔', '蒂尔达·斯文顿', '弗兰克·格里罗', '塞缪尔·杰克逊', '娜塔莉·波特曼', '米歇尔·菲佛', '玛丽莎·托梅', '塔伊加·维迪提', '安吉拉·贝塞特', '迈克尔·道格拉斯', '威廉·赫特', '寇碧·史莫德斯', '肖恩·古恩', '琳达·卡德里尼', '马克斯米利亚诺·赫尔南德斯', '真田广之', '汤姆·沃恩-劳勒', '泰瑞·诺塔里', '詹姆斯·达西', '雅各·巴塔伦', '罗伯特·雷德福', '泰·辛普金斯', '温斯顿·杜克', '斯坦·李', 'Justin Slaughter', 'Brandon Rush', 'Jaylen Davis', '莱蒂希娅·米歇尔·赖特', '布莱德利·库珀', '凯瑞·康顿', '闻天', '伊薇特·尼科尔·布朗', 'Cameron Brumbelow', '蒂莫西·卡尔', '迈克尔·A·库克', '凯莉·库恩', '艾玛·福尔曼', '雷纳·加拉赫', 'Daniela Gaskie', '郑肯', '小弗洛伊德·安东尼·约翰', '罗斯·马昆德', '布伦特·麦吉', 'Michael Pierino Miller', '卡兰·穆尔韦', '吉米·雷·皮肯斯', '迈克尔·詹姆斯·肖', 'Greg Tiffan', '艾娃·罗素', '乔·罗素', '玛丽亚·Z·威尔逊', '本杰明·韦弗', 'Raul Alcantar', '雅各布·埃文斯', '何塞·阿尔弗雷多·费尔南德斯', '安东尼·B·哈里斯', 'Shaun McMillan', '布伦特·莫雷尔·加斯金斯', 'Robert Payen', '麦克斯威尔·海史密斯', '罗伯特·廷斯利', '费斯·洛根', 'Paul Pillsbury', '特拉维斯·汤普森', '亚历珊德拉‧瑞秋·拉贝', '贾迈尔·钱伯斯', 'Jennifer Cain', '杰克逊·艾顿', '布莱德利·库珀', '凯瑟琳·兰福德', '亚历山德拉·蕾切尔·拉贝', '海莉·阿特维尔', '凯瑞·康顿', '麦克斯米利安诺·贺南德兹', '莫妮卡·甘德顿', '基思·努斯鲍姆', 'Timothy Carr', 'Khalid Ghajji', 'Eric Wallace', 'Hyejin J', '史蒂文·艾萨尼', '罗伯特·普拉格', '布莱恩·谢弗', '艾米丽塔·T·冈萨雷斯', '凯德·伍德沃德', 'Taylor Patterson', '帕特里克·高曼', '艾米娜·卡普兰', '阿隆·拉扎尔', '迈克·卢茨', 'Olaniyan Thurmon', 'Russell Bobbitt', 'Lee Moore', '乔依·麦卡沃伊', '约翰·波西', 'Ben Sakamoto', 'John Michael Morris', '吉姆·斯特林', 'Hye Jin Jang', 'James Lin', '山姆·哈格雷夫', '汤姆·威斯多姆', 'Ameenah Kaplan']",223284,425013,181,"['动作', '冒险', '奇幻']",9.1
44,https://www.maoyan.com/films/2039,末代皇帝,英国,1987/10/4,['贝纳尔多·贝托鲁奇'],"['尊龙', '陈冲', '彼得·奥图尔', '邬君梅', '英若诚', '黄自强', '卢燕', '陈凯歌', '黄文捷', '于莉', '陈述', '王彪', '里克·扬', '田川洋行', '康斯坦丁·格雷戈里', '蔡鸿翔', '区亨利', '张天民', '武俊', '坂本龙一', '马吉·汉', '苟杰德', 'Fumihiko Ikeda', '理查德·吴', '皱缇格', 'Guang Fan', '亨利·基', 'Alvin Riley III', '高松英郎', 'Hajime Tachibana', '鲍皓昕', '张良斌', '梁冬', 'Zhendong Dong', 'Jiechen Dong', '宋怀桂', '邵茹贞', 'Guangli Li', 'Xu Chunqing', 'Hongnian Luo', 'Shihong Yu', '黄汉琪', 'Jingping Cui', 'Junguo Gu', 'Xu Tongrui', 'Fusheng Li', 'Shuyan Cheng', '张大星', 'Ruigang Zu', 'Yuan Jin', 'Akira Ikuta', 'Michael Vermaaten', 'Matthew Spender', 'Xinmin Cui', 'Shigang Luo', 'Guang Ma', 'Baozong Yang', 'Hongchang Yang', 'Lingmu Zhang', '吴涛', '蓝天野', '樊光耀', '黄志强', '劳力', '户田 惠子', '丹尼斯·邓恩', '王涛', '程淑艳', 'Constantine Gregory', 'Lucia Hwong', '石凉']",,,163,['剧情'],8.8
45,https://www.maoyan.com/films/1284164,西西里的美丽传说,美国,2000/10/26,['朱塞佩·托纳多雷'],"['莫妮卡·安娜·玛丽亚·贝鲁奇', '朱塞佩·苏尔法罗', '玛蒂尔德·皮亚纳', '埃丽萨·莫鲁奇', '奥罗拉·夸特罗基', '露琪亚·萨多', '安东内洛·普利西', '瓦尼·布拉马蒂', 'Salvatore Martino', 'Noam Morgensztern', 'Pietro Notarianni', 'Gaetano Aronica', 'Luciano Federico', 'Gilberto Idonea', 'Gabriella Di Luzio', 'Maria Terranova', 'Vitalba Andrea', 'Franco Catalano', 'Totò Borgese', 'Ornella Giusto', 'Angelo Battista', 'Claudio Castrogiovanni', 'Patrizia De Libero', 'Giovanni Febraro', 'Turi Killer', 'Giovanni Martorana', 'Claudio Piano', 'Agostino Scuderi', 'Angelo Pellegrino', 'Pippo Provvidenti', 'Marcello Catalano', 'Domenico Gennaro', 'Giuseppe Pattavina', 'Emanuele Gullotto', 'Claudia Muzi', 'Conchita Puglisi', 'Paola Pace', 'Adelaide Alessi', '亚历山德罗·克雷莫纳', 'Fabrizio Ferracane', 'Antonio Fulfaro', 'Antonio Pellegrino', 'Orio Scaduto', 'Fausto Siddi']",,,109,"['剧情', '爱情', '战争']",8.2
46,https://www.maoyan.com/films/553231,心灵奇旅,美国,2020/12/25,"['彼特·道格特', '坎普·鲍尔斯']","['杰米·福克斯', '蒂娜·菲', '菲利西亚·拉斯海德', '阿米尔-哈利卜·汤普森', '戴维德·迪格斯', '罗德莎·琼斯', '科拉·尚波米耶', '格拉汉姆·诺顿', '瑞秋·豪斯', '艾莉丝·布拉加', '理查德·艾欧阿德', '唐尼尔·琼斯', '安吉拉·贝塞特', '马戈·霍尔', '韦斯·斯塔迪', '莎奇娜·嘉福瑞', '福琼·费姆斯特', '卡鲁姆·格兰特', '泽诺比娅·谢罗夫', '朱恩·斯奎布', '凯茜·卡瓦蒂妮', '罗纳尔多·德尔·卡门', '埃利萨皮·艾萨克', '杰森·佩斯', '约翰·拉岑贝格', '山姆·拉瓦尼诺', '劳拉·穆尼', 'Esther Chae', 'Avery Kidd Waddell', '罗德莎·琼斯', 'Peggy Flood', 'Jeannie Tirado', 'Dorian Lockett']",3617,37618,101,"['动画', '喜剧', '冒险']",9.2
47,https://www.maoyan.com/films/182,让子弹飞,中国大陆,2010/12/16,['姜文'],"['姜文', '周润发', '葛优', '刘嘉玲', '姜武', '廖凡', '周韵', '陈坤', '张默', '冯小刚', '胡军', '马元', '苗圃', '白冰', '文祥', '危笑', '姚橹', '胡明', '杜奕衡', '李静', '邵兵', '姜洪齐', '周蟠', '方志丹', '郭俊立', '黄西妮', '杨奇雨', '紺野千春', '高木天', '洼田美香', '田场惠美子', '长谷川多惠子', '户泽早季', '栗城理惠', '高久保康子', '宫城保奈美', '三桥叶子', '福田佳兴', '石仓初美', '中原明子', '内田麻里', '陈磊', '赵铭', '吴昔果', '沙瑀', '马珂', '宣晓鸣', '岳红', 'Yi-Heng Du', '李京', 'Aaron Shang']",,63675,132,"['剧情', '喜剧', '动作', '西部']",8.5
48,https://www.maoyan.com/films/18318,本杰明·巴顿奇事,美国,2008/12/25,['大卫·芬奇'],"['布拉德·皮特', '凯特·布兰切特', '塔拉吉·P·汉森', '朱莉娅·奥蒙德', '芳妮·A·钱勃丝', '伊莱亚斯·科泰斯', '迈克尔·沃兹尼亚克', 'Brianna Womick', 'Autumn Withers', 'Gelsey Weiss', '丹尼尔文森特', 'Jennifer Toffel', '劳伦·斯温尼', '特里·李·史密斯', 'Chaz Smith', 'Robert W. Savina', 'Ross Rouillier', 'Nick Reasons', 'Michael Owens', '杰伊·奥利弗', 'Angelina McCoy', 'Alec Mazo', 'Audrey Lynn', 'Heather Lipson', 'Naima Imani Lett', '埃尔顿·勒布朗', '辛西亚·勒布朗', 'Jonathan Lane', 'Nadyia Jones', 'Jeffrey Scott Jones', '希洛·朱莉-皮特', 'Christopher Karl Johnson', '格兰特·杰姆斯', 'Rhonda Huete', 'Emily Howe', 'Tim Harvey', 'Aaron Jennings Hartnell', 'Bob Harter', 'Derrick Guidry', '马莱丽·格雷迪', 'Victoria Goulet', '杰拉尔丁·格伦', '西蒙娜·爱丽丝·吉拉德', 'Debby Gaudet', '加瑞特·法贝斯', 'Joe Fontana', '路易斯迪普伊', 'Walter Delmar', '艾玛·德吉斯泰德特', 'Lori Enterline', '比安卡 罗', '克雷·钱柏林', 'Melissa Cabrera', '梅根·布朗', '伊芙·布伦特', 'Brett Beoubay', 'Dewayne Bateman', 'Aliane Baquerot', 'Leslie Augustine', 'Craig Sawyer', 'Katherine Crockett', 'Jessica Cropper', 'Charles Henry Wyson', '钱德勒·坎特布瑞', '斯宾塞·丹尼尔斯', '迪内·泰勒', '乔伊·比索奈特', '罗斯·布莱克维尔', 'Katta Hules', '路易斯·赫特哈姆', 'Ashley Nolan', '威尔伯·菲茨杰拉德', '艾德里安·阿马斯', '德文·泰勒', '斯蒂芬·泰勒', 'Myrton Running Wolf', 'Taren Cunningham', 'David Paterson', '蒂尔达·斯文顿', '伊利亚·沃洛克', '乔什·斯图沃特', '里奇蒙德·阿奎特', '克里斯托弗·马克斯韦尔', '约书亚·德罗什', '唐·克里奇', '汤姆·埃沃雷特', '麦迪逊·贝蒂', 'Yasmine Abriel', 'Sonya Leslie-Shepherd', '杰瑞德·哈里斯', '罗伯特·陶尔斯', 'Edith Ivey', '克莱·卡伦', '泰德·汉森', '艾丽·范宁', '菲利斯·萨莫维尔', 'Troi Bechet', 'Rampai Mohadi', '兰斯·E·尼克尔斯', 'Paula Gray', '彼特·唐纳德·巴达拉曼迪二世', 'Marian Zinser', 'Danny Nelson', ""Patrick Thomas O'Brien"", '菲奥娜·黑尔', '马赫沙拉·阿里', '乔安娜·塞勒', '大卫·詹森', '丹尼·文森', '杰森·弗莱明', 'Ed Metzger', 'Earl Maddox', 'Jacob Wood', '唐娜·杜普兰提尔', 'Jacob Tolano', 'Blake Balu', 'Allen Boudreaux', 'David E. Brown', 'Marianne Filali', 'Ron Flagge', 'Zuri Goldman', 'Cody Green', 'Alim Kouliev', '贝尼·利威', 'Kevin Lorio', 'Veleska Mosichmiller', 'Ian Novotny', 'Antonia Kanischtscheff', 'Shawn Ramagos', 'Andy Sims', 'Logan Douglas Smith', '丹尼斯·托马斯IV', 'Yvette Tucker', 'Gerrold Vincent', 'Jearl Vinot', '特德·曼森', '伊利亚·沃里克', '吕良伟', '陈百祥', '李泳豪', '林建明', '林俊贤', 'David Ross Paterson', 'Marion Zinser', 'Sonya Leslie']",,,166,"['剧情', '爱情', '奇幻']",8.8
49,https://www.maoyan.com/films/1291,搏击俱乐部,美国,1999/9/10,['大卫·芬奇'],"['爱德华·哈里森·诺顿', '布拉德·皮特', '海伦娜·伯翰·卡特', '米特·洛夫', '扎克·格雷尼尔', '里奇蒙德·阿奎特', '戴维·安德鲁斯', '乔治·马奎尔', '欧根妮·邦杜兰特', 'Christina Cabot', ""Sydney 'Big Dawg' Colston"", 'Rachel Singer', 'Christie Cronenweth', '蒂姆·德·赞', 'Ezra Buzzington', 'Dierdre Downing-Jackson', '鲍勃·斯蒂芬森', '查理·戴尔', '罗布·兰扎', '大卫·李·史密斯', '霍特·麦克卡兰尼', '乔伊·比索奈特', '艾恩·贝利', '埃文·米兰德', '罗比·罗宾逊', 'Lou Beatty Jr', 'Thom Gossom Jr', '瓦莱丽·比克福德', '杰瑞德·莱托', 'Peter Iacangelo', 'Carl Ciarfalio', '斯图尔特·布朗伯格', '托德·皮尔斯', '马克·菲特', '马特·温斯顿', '金在骏', 'Bennie Moore', '劳伦·桑切斯', '帕特·麦克纳马拉', 'Tyrone R. Livingston', '欧文·马斯特森', '大卫·吉恩·托马斯', '保罗·卡拉夫特斯', '克里斯托弗·约翰·菲尔兹', 'Anderson Bourell', 'Scotch Ellis Loring', '迈克尔·肖姆斯·维尔斯', 'Andi Carnick', '爱德华·科瓦尔奇克', '伦纳德·特莫', 'Van Quattro', 'Markus Redmond', '迈克尔·吉拉尔丹', '保罗·狄龙', '杰伊男爵', 'Marcio Rosario', 'Eddie Hargitay', 'Brian Tochi', 'Gökhan Öncel', 'Michael Zagst', 'Trey Ore', 'Tom Falzone', 'Tom Dallace', 'Matt Cinquanta', '吉姆詹金斯', 'Alekxia Valdez', '格雷戈里·席尔瓦', 'Chad Randau', 'J.T. Pontino', 'Hugh Peddy', '路易斯·奥尔蒂斯', '凯文·斯科特·麦克', '贾瓦拉', '菲尔霍恩', '迈克尔·阿瑟', '大卫·安德鲁斯', 'Edward Kowalczyk']",,,139,"['剧情', '动作', '悬疑', '惊悚']",8.8
50,https://www.maoyan.com/films/243,阿凡达,美国,2010/1/4,['詹姆斯·卡梅隆'],"['萨姆·沃辛顿', '佐伊·索尔达娜', '米歇尔·罗德里格兹', '西格妮·韦弗', '史蒂芬·朗', '吉奥瓦尼·瑞比西', '乔·大卫·摩尔', '拉兹·阿隆索', '希·庞德', '韦斯·斯塔迪', '迪利普·劳', '马特·杰拉德', '肖恩·安东尼·莫兰', '杰森·怀特', '斯科特·劳伦斯', '凯利·基尔戈', 'J. Patrick Pitts', '肖恩·帕特里克·墨菲', '彼得·狄龙', '凯文·多曼', '凯尔森·亨德森', '大卫·范·霍恩', '雅克布·托毛里', 'Michael Blain-Rozgay', 'Jon Brent Curry', 'Julene Renee', '卢克·霍克', '伍迪·舒尔茨', '彼得·门萨', 'Sonia Yee', '伊拉姆·崔', 'Kyla Warren', 'Chris Mala', 'Nikki（昵称', 'Jamie Harrison', '迪恩·诺斯利', 'Nikie Zambo', 'Brandon Jelkes', 'Mike Bodnar', '约瑟夫·米卡-亨特', '泰瑞·诺塔里', '凯·潘塔诺', 'Logan Pithyou', '艾丽西娅·维拉-贝利', 'Jahnel Curfman', 'Lisa Roumain', '黛布拉·威尔逊', 'Taylor Kibby', 'Jodie Landau', 'Julie Lamm', 'Cullen B. Madden', 'Joseph Brady Madden', 'Frankie Torres', 'Austin Wilson', 'Sara Wilson', 'Tamica Washington-Miller', 'Lucy Briant', 'Nathan Meister', 'Gerry Blair', '马修·张伯伦', 'Paul Yates', 'Wray Wilson', '詹姆斯·盖林', 'Melvin Leno Clark III', 'Carvon Futrell', 'Micah Moch', 'Hanniyah Muhammad', 'Christopher Nolen', 'Christa Oliver', 'April Thomas', 'Bravita A. Threatt', 'Raja', 'Jodie Taylor', '理查德·怀特赛德', 'Anthony Ingruber', 'Allan Henry', 'Stuart Pollock', 'Colin Bleasdale', 'Matt Clayton', 'Ashley Jeffery', 'Gareth Ruck', 'Rhian Sheehan', 'T.J. Storm', '拉斯科·阿特金斯', 'Tim Mansell', 'Ken Ohara', 'Luis G. Portillo', '詹姆斯·霍纳', '陆建艺', '季冠霖', '詹姆斯·皮特', '乔尔·摩尔']",,171507,162,"['动作', '科幻', '冒险']",9.4
51,https://www.maoyan.com/films/1332,美国往事,意大利,2015/4/23,['赛尔乔·莱翁内'],"['罗伯特·德尼罗', '詹姆斯·伍兹', '伊丽莎白·麦戈文', '詹妮弗·康纳利', '乔·佩西', '塔斯黛·韦尔德', '斯科特·科菲', '理查德·詹姆斯·布莱特', '詹姆斯·拉索', '克莱姆·卡塞塔', '保罗·赫尔曼', 'Richard Zobel', 'Baxter Harris', '玛西娅·让·库尔茨', '爱丝黛儿·哈里斯', '查克·洛', '斯科特·提勒', '鲁斯蒂·雅各布斯', '特里特·威廉斯', '威廉·弗西斯', '詹姆斯·海登', '拉里·拉普', '丹尼·爱罗', '波特·杨', '达兰妮·弗鲁格', 'Dutch Miller', '罗伯特·哈珀', 'Gerard Murphy', 'Amy Ryder', '奥丽娃·维拉索布罗斯', '马里奥·布雷加', 'Ray Dittrich', 'Frank Gio', '卡伦谢罗', 'Angelo Florio', '布莱恩·布鲁姆', '阿德里安·柯兰', '迈克·莫内蒂', '诺亚·莫扎兹', 'Frankie Caserta', 'Joey Marzella', 'Frank Sisto', 'Jerry Strivelli', '朱莉·科恩', 'Marvin Scott', 'Mike Gendel', 'Ann Neville', 'Joey Faye', 'Linda Ipanema', '坦迪·克罗宁', '阿诺恩·米尔坎', 'Bruno Iannone', 'Marty Licata', '理查德·弗让吉', 'Gerritt Debeer', 'Alexander Godfrey', 'Cliff Cudney', 'Paul Farentino', '布鲁斯·巴伦堡', 'Mort Freeman', 'Sandra Solberg', 'Jay Zeely', 'Massimo Liti', '塞尔瓦托雷·比拉', 'Matteo Cafiso', 'Nelson Camp', 'Francesca Leone', '赛尔乔·莱翁内', '艾米·莱德', 'Richard M. Fleming', '路易丝·弗莱彻']",,,229,"['剧情', '犯罪']",9.1
52,https://www.maoyan.com/films/23127,窃听风暴,德国,2006/3/23,['弗洛里安·亨克尔·冯·多纳斯马尔克'],"['乌尔里希·穆埃', '塞巴斯蒂安·科赫', '马蒂娜·格德克', '乌尔里希·图库尔', '托马斯·席尔梅', '托马斯·阿诺德', '汉斯-尤韦·鲍尔', '路德韦格·布洛克伯格', 'Werner Dähn', '查理·哈纳', '沃克马·克莱纳特', '赫伯特•奈普', '辛纳克·勋纳曼', '巴斯蒂安·特罗斯特', '玛丽·格鲁伯', 'Volker Michalowski', '马丁·布拉姆巴赫', '保罗·法格斯纳赫特', '迈克尔·格伯', '马提亚斯·布伦纳', 'Paul Maximilian Schüller', 'Ralf Ehrlich', '胡伯图斯·哈特曼', 'Susanna Kraus', 'Gabi Fleming', 'Fabian von Klitzing', 'Harald Polzin', 'Sheri Hagen', '吉塔·施维赫夫', '希尔德加德·斯罗德', '伊嘉·比肯费尔德', '凯·伊沃·保利兹', 'Elja-Dusa Kedves', 'Philipp Kewenig', 'Jens Wassermann', 'Ernst-Ludwig Petrowsky', 'Manfred Ludwig Sextett', 'Anabelle Munro', '克劳斯·芒斯特', '维尔纳·德恩', '马蒂娜·戈黛特', '乌尔里奇·图克尔']",,,137,"['剧情', '悬疑']",9
53,https://www.maoyan.com/films/614,飞屋环游记,美国,2009/8/4,"['彼特·道格特', '鲍勃·彼德森']","['爱德华·阿斯纳', '乔丹·长井', '鲍勃·彼德森', '克里斯托弗·普卢默', '戴尔里·林多', '约翰·拉岑贝格', '杰罗姆·兰福特', '大卫·卡耶', '米凯·麦高万', '丹尼·曼', '唐纳德·富利洛夫', '杰斯·哈梅尔', '乔什·库雷', '艾丽·道克特', '杰里米·利里', '马克·安德鲁斯', '鲍伯·伯根', '布兰达∙查普曼', 'Emma Coats', '约翰·齐甘', '保罗·伊丁', '托尼·弗希勒', '特蕾莎·甘泽尔', '雪莉·琳', '拉瑞恩·纽曼', '泰迪·牛顿', '杰夫·皮金', '瓦莱丽·拉普安特', '扬·拉布森', 'Bob Scott', 'Sebastian Warholm', '彼特·道格特', '马克∙安德鲁斯']",,7906,96,"['剧情', '喜剧', '动画', '冒险']",8.9
54,https://www.maoyan.com/films/1314,天使爱美丽,法国,2001/4/25,['让-皮埃尔·热内'],"['奥黛丽·塔图', '马修·卡索维茨', '吕菲斯', '洛莱拉·克拉沃塔', '塞尔·梅林', '加梅勒·杜布兹', '克洛蒂尔德·莫莱特', '克莱尔·莫里耶', '伊莎贝尔·南蒂', '多米尼克·皮诺', '艾特·迪·彭吉云', '友兰达·梦露', '于尔班·康塞利埃', '莫里斯·贝尼舒', '米歇尔·罗班', '安德烈·达芒', '克劳德·佩龙', '阿尔梅尔', '迪基·奥尔加多', 'Kevin Fernandes', '弗洛拉·吉耶', '阿莫里·巴博尔', '安德烈·杜索里埃', '欧仁·贝蒂埃', '马里昂·皮斯伯格', 'Charles-Roger Bour', 'Luc Palun', 'Fabienne Chaudat', '多米尼克·贝滕费尔德', 'Jacques Viala', '法比安·贝哈', '乔纳森·乔斯', 'Jean-Pierre Becker', '让·达里', 'Thierry Gibault', 'François Bercovici', 'Franck Monier', '纪尧姆·维里', 'Valérie Zarrouk', '玛丽-洛尔·德库洛', '苏菲·特里耶', 'Gérald Weingand', 'François Viaur', 'Paule Daré', '马克·阿米约', 'Myriam Labbé', '让·鲁珀特', '弗兰基·佩恩', '朱丽安娜·科瓦奇', '菲利普·帕布兰克', 'Mady Malroux', 'Monette Malroux', 'Robert Gendreu', '瓦莱丽亚娜·德·维伦纽夫', 'Isis Peyrade', 'Raymonde Heudeline', '克里斯蒂安·波普', 'Thierry Arfeuillères', 'Jerry Lucas', 'Patrick Paroux', 'François Aubineau', 'Philippe Beautier', 'Karine Asure', 'Régis Iacono', '弗兰克-奥利维尔·邦尼特', '阿兰·弗洛瑞特', '让-波尔·布里萨尔', '弗雷德里克·密特朗', 'Dean Baykan', '琼·贝内特', 'Clément Chebli', 'Rudy Galindo', '萨姆·杰克逊', '瓦莱丽·拉布罗', 'Manoush', 'Sister Rosetta Tharpe', '费德里科·马丁·巴哈蒙特斯', '斯宾塞·屈塞', 'Jean-Michel Larqué', 'Thierry Roland', 'Jacques Thébault', '林原惠美', '姜广涛', '米切尔·罗宾', '莫里斯·本尼丘']",,,122,['爱情'],8.4
55,https://www.maoyan.com/films/7431,乱世佳人,美国,1939/12/15,"['乔治·库克', '维克多·弗莱明', '山姆·伍德']","['费雯·丽', '克拉克·盖博', '奥利维娅·德哈维兰', '莱斯利·霍华德', '海蒂·麦克丹尼尔斯', '埃迪·安德森', '托马斯.米切尔', '芭芭拉·欧内尔', '伊夫林·凯耶斯', '乔治·里弗斯', '巴特弗莱·麦昆', '维克托·乔里', '埃弗雷特·布朗', '霍华德·C·希克曼', '兰德·布鲁克斯', '劳拉·霍普·克鲁斯', '哈里·达文波特', '利昂娜·罗伯特', '简·达威尔', '保罗·赫斯特', '卡米·金·肯伦', '欧娜·满森', 'J·M·克里根', 'Jackie Moran', '莉莲·肯布尔-库珀', '米基·库恩', '欧文·培根', '威廉·贝克', '伊莎贝尔·朱尔', '沃德·邦德', '克里夫·爱德华兹', '亚基马·坎纳特', '路易斯·让·埃特', '奥林·霍兰德', '罗伯特·埃利奥特', '玛丽-安德森', 'Eric Alden', '约翰·阿利奇', '罗斯科·阿蒂斯', '特里沃', 'Ralph Brooks', 'Daisy Bufford', 'James Bush', 'Louise Carter', '艾德·钱德勒', 'Wallis Clark', 'Frank Coghlan Jr', '基诺科拉多', 'Luke Cosgrave Luke Cosgrave', '克南·克里普斯', 'Phyllis Douglas', 'Edythe Elliott', '理查德·法恩斯沃斯', '弗兰克·费伦', 'C. Hamilton', 'Shep Houghton', 'Si Jenks', '乔治·米克', '阿尔贝托·莫林', '阿德里安·莫里斯', 'Lee Murray', 'David Newell', '李·费尔普斯', 'Jolane Reynolds', '玛乔丽·雷诺兹', 'Suzanne Ridgeway', 'William Stack', 'William Stelling', 'Harry Strang', 'Emerson Treacy', '安·卢瑟福德', '弗莱德·克莱恩', '奥斯卡·波尔克', '阿丽茜亚·雷特', '卡洛尔·奈', 'Marcella Martin', '艾瑞克·林登', 'Ann Bupp', 'Ruth Byers', 'Gary Carlson', 'Martina Cortina', 'Ned Davenport', 'Joan Drake', 'F. Driver', 'Susan Falligant', 'Kelly Griffin', '乔治·哈卡索恩', 'Evelyn Harding', 'Inez Hatchett', 'Jean Heker', 'Ricky Holt', 'Tommy Kelly', 'W. Kirby', 'William McClain', 'H. Nellman', 'N. Pharr', 'Louisa Robert', 'Azarene Rogers', 'Tom Seidel', '迪克·韦恩·萨莫斯', 'Phillip Trent', 'Julia Ann Tuck', 'Sarah Whitley', 'Zack Williams', 'Lennie Bluett', 'Emmett King', '汤姆·泰勒', 'E·阿兰·沃伦', '布卢·华盛顿', '丹·怀特', '欧内斯特·惠特曼', 'Guy Wilkerson', '约翰·雷', 'Horace Bernard Carpenter', 'Shirley Chambers', '比利·库克', ""Yola d'Avril"", 'Lester Dorr', 'Col. Timothy J. Lonergan', '玛格丽特·曼', '查尔斯·米德尔顿', '斯科特·西顿', 'Dale Van Sickel', '何俊轩', '查曼若', '彭河', '吴文伦', '唐烨', '李守贞', '奥莉薇·黛·哈佛兰', 'Victor Jory', 'Harry Davenport', 'Paul Hurst', 'Olin Howland', 'Robert Elliott', 'George Hackathorne', 'Alberto Morin', 'Dan White', 'Charles Middleton', '摩根·布朗', 'Patrick Curtis', 'Marvin Davis', 'Dolores Dean', 'Dawn Dodd', 'Lucille Harding', 'Claire James', 'Jerry James', 'Leona McDowell', 'Lola Milliorn', 'Hans-Joachim Moebis', 'Jeanette Noeson', 'Spencer Quinn', 'Terry Shero', 'Stephanie Toler', 'Rita Waterhouse', 'John Joseph Waterman Jr', 'Phyllis Woodward', 'Dorothy Barrett', 'Janet Barrett', 'Russell Custer', 'Geraldine Fissette', 'Geraldine Fizette', '皮切丝·杰克逊', 'Barbara Lynn Peden']",,,238,"['剧情', '爱情', '历史', '战争']",9.1
56,https://www.maoyan.com/films/1322,飞越疯人院,美国,1975/11/19,['米洛斯·福尔曼'],"['杰克·尼科尔森', '路易丝·弗莱彻', '威尔·萨姆森', '丹尼·德维托', '克里斯托弗·洛伊德', '西德尼·拉斯克', '文森特·斯卡维利', '布拉德·道里夫', '威廉·雷德菲尔德', '迈克尔·贝里曼', '彼得·布罗科', '迪恩·R·布鲁克斯', '威廉·达尔', '乔西普·艾利克', '斯加特曼·克罗索斯', '穆瓦科·卡姆布卡', '阿伦佐·布朗', 'Lan Fendors', '内森·乔治', '米斯·斯马尔', '路易莎·莫里茨', '肯·肯尼', '索尔·扎恩兹', '安吉利卡·休斯顿', '梅尔·兰伯特', '凯·李', '德怀特·马费尔德', '特德·马克兰德', '菲利普·罗斯', '米米·萨奇席恩', '德罗斯·V·史密斯', 'Tin Welch', 'Tom McCall', 'James V. Shore', '奥黛丽·兰德斯', '米洛斯·福尔曼', '迈克尔·道格拉斯', '柯克·道格拉斯', '博·古德曼', '肯·凯西', '厄比·史密斯']",,,133,['剧情'],8.8
57,https://www.maoyan.com/films/11473,美丽心灵,美国,2001/12/13,['朗·霍华德'],"['罗素·克劳', '詹妮弗·康纳利', '艾德·哈里斯', '克里斯托弗·普卢默', '保罗·贝坦尼', '亚当·戈德堡', '乔什·卢卡斯', '朗·霍华德', '安东尼·拉普', '贾森·加里-斯坦福德', '贾德·赫希', '奥斯汀·潘德尔顿', '维克多·斯坦巴赫', 'Jesse Doran', '罗伊·辛尼斯', '谢丽尔·霍华德', '兰斯·霍华德', '简·詹金斯', '乔什·帕斯', '蒂格尔·F·伯格里', '迈克尔·埃斯佩尔', 'Eva Burkley', 'Dr. Isadore Rosenfeld', 'Tommy Allen', 'Tom McNutt', '小艾德.朱普', 'Lloyd Baskin', 'James Thomas Bligh', '丹·陈', '杰森·霍顿', '迈克尔·C·皮尔斯', '约翰托宾', 'Sean Bennett', '乔纳·福尔肯', '法布里奇奥·范特', 'Charles McClelland', '肖恩·里德', 'Jonathan Marc McDonnell', '罗伯特·迈尔斯', 'Charles Pendleton', 'Douglas Taurel', 'Michael Fiore', '埃文·哈特', 'Erik Van Wyck', 'Jeffrey Christopher Todd', 'Alex Tanaka', 'Dave Sweeney', 'Ned Stuart', 'Susan Quigley', '米尔斯·彼埃尔', '里德·彭尼', 'Gregory Gordon', '斯科特·费恩斯特罗姆', 'Berly Ellis', 'Sean Dillon', 'Scott Addison Clay', '理查·布莱恩特', '凯德·比特纳', 'Bob Broder', 'Logan McCall', 'Betsy Klompus', 'Kathleen Fellegara', 'Lyena Nomura', 'Matt Samson', '卡拉·奥奇格罗索', 'Gregory Dress', 'Christopher Stockton', 'Glenn Roberts', 'Will Dunham', 'Brian Keith Lewis', 'Dave Bayer', 'Holly Pitrago', 'Yvonne Thomas', 'Jennifer Weedon', 'Tracey Toomey', '艾米·瓦尔兹', 'David B. Allen', '瓦伦蒂娜·卡迪纳利', 'Alex Toma', 'Darius Stone', 'Anthony Easton', 'Patrick Blindauer', 'Kent Cassella', 'Thomas F. Walsh', '塔尼娅·克拉克', 'Jill M. Simon', '薇薇·卡登尼', '雷吉·奥斯汀', '斯特里奥·萨万特', '迈特·阿尔伯迪', 'Michael Arthur', '费丽娜·巴瑞丝', 'Phil Cirincione', 'Todd Fredericks', '布莱丝·达拉斯·霍华德', 'Vivian Kalinov', 'John Blaylock', 'Liche Ariza', 'Ty Copeman', 'Mike Fitzgerald', 'Dory Manzour', 'Tiffany Marz', '布瑞恩·斯米吉', 'Ryan Tygh', 'Warner Wolf', 'Deborah Baum', 'Michael Tota', '吉莉·西蒙', '詹姆斯·霍纳', '塞斯·盖贝尔', '迈克尔·菲奥里']",,,135,"['剧情', '传记']",8.8
58,https://www.maoyan.com/films/1383,一一,中国台湾,2000/6/26,['杨德昌'],"['吴念真', '金燕玲', '李凯莉', '林孟瑾', '张洋洋', '陈以文', '柯宇纶', '唐如韫', '杨德昌', '尾形一成', '萧淑慎', '曾心怡', '徐淑媛', '张育邦', '陈希圣', '许安安', '柯素云', '陶大宇', 'Kai-Li Peng', '唐从圣', '戴立忍', '陶传正', '宋少卿', '孙法钧', '津田健次郎', '李永丰', '江惠惠', '刘亮佐', '范瑞君', 'Chi-Tung Yu', '罗北安', '邓安宁', '苗子杰', '杨淇', 'Kiyotaka Ueno', 'Christian Storms', 'Shi-hui Chin', 'Kuo-Chih Shu', 'Mei-Yun Yu', 'Antonio Lee', 'Yuen-Cheng Cheng', '李键昌', '徐珪莹', 'Shih-Ping Yang', '杨谨华', 'Cheng-Wan Pieh', 'Shih-hue Tu', '毛训容']",,,173,"['剧情', '爱情', '家庭']",8.9
59,https://www.maoyan.com/films/78997,消失的爱人,美国,2014/9/26,['大卫·芬奇'],"['本·阿弗莱克', '裴淳华', '尼尔·帕特里克·哈里斯', '米西·派勒', '金·迪金斯', '泰勒·派瑞', '凯西·威尔逊', '波伊德·霍布鲁克', '凯瑟琳·罗斯·帕金斯', '杰米·麦克沙恩', '大卫·柯来龙', '斯科特·麦克纳里', '丽萨·巴恩斯', '劳伦·格莱齐尔', 'Blake Sheldon', 'Joel Shock', 'Mark Atteberry', '帝博恩·米切尔', '艾米丽·拉塔科斯基', '萝拉·科克', '雪拉·渥德', '李·诺里斯', '莱昂纳德·凯利-扬', 'Pete Housman', '琳恩·A·弗里德曼', 'Darin Cooper', 'Kate Campbell', 'Brett Leigh', 'Antonio St. James', '朱丽亚·普鲁德霍姆', '库珀·索恩顿', '赛恩斯雀里马特', 'Ashley Cope', 'Lexis Nutt', 'L.A. Williams', 'Sean Guse', 'Ricky Wood', 'Fred Cross', '斯科特·武田', 'Donna Rusch', 'Kathy Sweeney Meadows', 'Mark T Anderson', 'Marc Abbink', 'Tina Redmond', 'Thomas R. Baker', 'Jonathan Retamoza-Davila', '比尔·布莱尔', 'Gregoer Boru', 'Tracy Brotherton', 'Buda', '威尔·C', 'Caroline Clements', '弗农·科特士', 'Tony Cronin', 'Taber Cross', 'Darren Deloach', '南希·德马尔斯', 'Kyle Durant', 'Tyler Ecklund', '琳赛·伊丽莎白', 'Nicolas Fagerberg', 'Bobby Greer', 'Alexander Michael Helisek', 'Leslie A. Hughes', 'Davina Joy', '琳达·康', 'Michael Kelly', 'Grant Liffmann', 'Andrea Lorenzconrad', 'Katy Marcella', 'Aaron Massey', 'Saffron Mazzia', 'Orion McCabe', 'Roz McHenry', 'Bryan McKinley', 'Steven Moreton', 'Cole Mueller', 'Terry Myers', 'Justin Nesbitt', '基思·努斯鲍姆', '马克·帕瑞施', '林恩·奎因', 'Lisa Richman', 'Jaclyn Rose', '萨赫丽玛', 'Dale Shane', 'Rick Silver', 'Michelle Skidmore', '拉斯·斯兰德', 'Robert Tarpinian', 'Thomas Heath', 'Ire S. Wardlaw', 'Tracy Weisert', 'Amy Wray', 'Ronnie Phillips', 'Brandon Oatsvall', 'Alison Niermann', 'Michelle Winters', 'Cheryl Cruse Weston', 'Samuel Baca', 'Casey Ruggieri', '凯莉·库恩', '杨孟霖', '谭宫柔真', '派屈克·福吉特', 'Ashley Didion']",,,149,"['剧情', '悬疑', '惊悚', '犯罪']",8.7
60,https://www.maoyan.com/films/78449,布达佩斯大饭店,美国,2014/6/14,['韦斯·安德森'],"['拉尔夫·费因斯', '托尼·雷沃罗利', '西尔莎·罗南', 'F·默里·亚伯拉罕', '蒂尔达·斯文顿', '威廉·达福', '艾德里安·布洛迪', '爱德华·哈里森·诺顿', '马修·阿马立克', '詹森·舒瓦兹曼', '欧文·威尔逊', '哈威·凯特尔', '鲍勃·巴拉班', '弗洛里安·卢卡斯', 'Paul Schlase', '汤姆·威尔金森', 'Sabine Urig', '卡尔·马克维斯', '蕾雅·赛杜', 'Heike Hanold', '丹尼尔·施泰纳', 'Matthias Matschke', 'Rainer Reiners', 'Roy Macready', '米尔顿·威尔士', 'Michael Benthin', 'Hendrik von Bültzingslöwen', '加布里埃尔·拉什', 'Mario Rohn', 'Marko Dyrlich', '比尔·默瑞', '杰夫·高布伦', '裘德·洛', 'Carl Sprague', '拉里·派恩', '吉塞尔达·沃洛迪', 'Volker Michalowski', '尼尔·哈夫', '费舍·史蒂芬斯', '瓦利斯·阿鲁瓦里亚', 'Jella Niemann', 'Marcel Mazur', 'Robert Bienas', 'Manfred Lindner', 'Oliver Claridge', 'Bernhard Kremser', '野村训市', 'Sister Anna Rademacher', 'Heinz-Werner Jeschkowski', 'Steffen Schult', 'Sabine Euler', 'Renate Klein', 'Uwe Holoubek', 'Francesco Zippel', 'Enrico Hoffmann', 'Marie Goyette', 'Jeno Orosz', 'Gyula Lukacs', 'Darin Damjanow', 'Dar Ronge', 'Georg Rittmannsperger', 'Dirk Bossmann', 'Arwin Lobedann', '罗宾·赫尔斯通', 'Jutta Westphal', 'Matthias Holfert', '丽萨·克鲁泽', 'Gisela Bech', 'Birgit Müller', 'Ursula Kuhnt', 'Monika Krüger', 'Wolfram Nielacny', 'Reinhold Hegelow', 'Steffen Nixdorf', 'Piet Paes', '米凯拉·卡斯帕', 'John Peet', '戈洛·欧拉', 'Jürgen Schwämmle', 'Frank Jacob', 'Claudia Jung', 'Roman Berger', 'Lennart Meyer', 'Alfred Hänel', 'Manpreet Gerlach', 'David Adamik', 'Moritz Hepper', 'David Cioffi', '卢卡斯·赫奇斯', 'Wolfgang Ceczor', 'Philipp Sonntag', '汉斯·马丁·施蒂尔', 'Georg Tryphon', '汉勒斯·魏格纳', 'Gerald Sullivan', 'Oliver Hazell', 'Ben Howard', 'Bohumil Váchal', 'Ed Munro', '吴永庆', '华莱士·沃洛达斯基', '杰拉·尼曼', 'Heike Hanold-Lynch', '斯特芬·施曼']",,,100,"['剧情', '喜剧', '冒险']",8.7
61,https://www.maoyan.com/films/338365,海边的曼彻斯特,美国,2017/8/25,['肯尼斯·罗纳根'],"['卡西·阿弗莱克', '卢卡斯·赫奇斯', '米歇尔·威廉姆斯', '凯尔·钱德勒', '格瑞辰·摩尔', '卡拉·海沃德', 'C·J·威尔逊', '泰特·多诺万', '海瑟·伯恩斯', '埃里卡·麦克德莫特', ""Ben O'Brien"", '蜜西·雅格', '斯蒂芬·亨德森', '卡罗琳·皮克曼', '肖恩·菲茨吉本', '乔什·汉弥尔顿', '利亚姆·麦克尼尔', '马修·布罗德里克', '肯尼斯·罗纳根', '玛丽·梅伦', '安娜·巴瑞辛尼科夫', '苏珊·波尔法', 'Danae Nason', 'Ruibo Qian', 'Oscar Wahlberg', 'Jami Tennille', '威廉·博恩凯塞尔', 'Joe Stapleton', 'K·C·法尔达斯', 'Lewis D. Wheeler', 'Frankie Imbergamo', 'Brian Chamberlain', 'Mark Burzenski', 'Richard Donelly', 'Stew Replogle', 'Quincy Tyler Bernstine', '汤姆坎普', 'Wendy Overly', 'Amanda Blattner', 'Jim Boyd', 'Jeffrey Corazzini', 'Michael Steven Swanson', 'Chaunty Spillane', 'Stephanie Ann Saunders', 'Daniel Martignetti', 'Elaine Victoria Grey', '朗顿·豪尔', 'Kt·巴达萨罗', '托马斯·马里亚诺', ""Frank D'Agostino"", 'John J. Burke', 'Victor Franko', 'Brian White', 'Christian Mallen', 'Virginia Loring Cooke', '本·汉森', '安东尼·埃斯特拉', '罗伯特·塞拉', 'Chloe Dixon', 'Frank Garvin', 'Nellie Lonergan', 'Allyn Burrows', 'Jackson Damon', 'Glenn McKiel', 'Paul Meredith', 'Ellie Teeves', 'Elizabeth Dickson', '凯丽·玛丽娅·塔布', 'David Struffolino', 'Alan Resnic', 'Marely Mercedes', 'Kevin Grondin', 'Charlie Flannery', '蒋静菊', '钱睿博', '乔什·汉弥尔顿']",270,818,136,"['剧情', '家庭']",8.8
62,https://www.maoyan.com/films/158,大话西游之大圣娶亲,中国大陆,2014/10/24,['刘镇伟'],"['周星驰', '朱茵', '莫文蔚', '蔡少芬', '陆树铭', '吴孟达', '罗家英', '蓝洁瑛', '刘镇伟', '江约诚', '吴珏瑾', '李健仁', '胡立成', '金永钢', '付博文', '许敬义', '李宝龙']",179,18683,110,"['喜剧', '爱情', '动作', '奇幻']",8.8
63,https://www.maoyan.com/films/65496,超脱,美国,2011/4/25,['托尼·凯耶'],"['艾德里安·布洛迪', '马西娅·盖伊·哈登', '詹姆斯·肯恩', '克里斯蒂娜·亨德里克斯', '刘玉玲', '布莱思·丹纳', '蒂姆·布雷克·尼尔森', '威廉·彼德森', '布莱恩·科兰斯顿', '萨米·盖尔', 'Susan Neuffer', 'Elvis Muccino', 'Jonathan Hudson', 'Alsharik Sejour', 'Eli Massillon', 'Amber Vanterpool', 'April Maxey', '安娜贝尔·布莱特', '拉尔夫·罗德里格斯', 'Samantha Jade Logan', 'Lonon Jay Wilson', 'Mama Kohn', '瑞内·菲利斯·史密斯', '亚伦·索特', 'Justin Campbell', 'Nancy Rodriguez', 'Michael Kaufman', 'Tarikk Mudu', 'Celia Schaefer', '阿尔·卡尔德隆', 'Ronen Rubeinstein', 'Michael Hammond', 'Alex Boniello', 'Tiffani Holland', 'Kowade Cross', 'Chris Papavasiliou', '贝蒂·凯耶', '杰米·麦克林', 'Corwin C. Tuggles', '帕特里夏·雷', 'Rebecka Ray', '道格·伊·道格', '乔什·帕斯', '詹姆斯·霍西', 'Stephen Payne', 'Kevin T. Collins', '布雷南·布朗', 'Mary Joy', '西莉亚·奥', 'Lucian Maisel', 'Brenda Pressley', '约翰·塞纳迭姆博', 'Jerry Walsh', 'Roslyn Ruff', '大卫·豪森', '小伊塞亚·维特洛克', '路易斯·佐里奇', 'Kwoade Cross', '罗南·鲁宾斯坦', '里根·利奥纳德', '萨曼莎·罗根', '塔里克·穆杜', '詹姆斯·凯恩']",,,97,['剧情'],8.7
64,https://www.maoyan.com/films/4587,爱在黎明破晓前,美国,1995/1/27,['理查德·林克莱特'],"['伊桑·霍克', '朱莉·德尔佩', '安德莉亚·埃克特', '汉诺·波西尔', '卡尔·布拉克施魏格尔', '特克斯·鲁比诺威茨', '埃尔尼·曼戈尔德', '多米尼克·卡斯特尔', '海蒙·玛丽亚·巴汀格', 'Harold Waiglein', 'Bilge Jeschim', 'Kurti', '汉斯·魏因加特纳', 'Liese Lyon', '彼得·艾利·休默', 'Otto Reiter', '休伯特·法比安·库尔特勒', 'Branko Andric', 'Constanze Schweiger', '约翰·斯洛斯', '亚历山德拉·塞贝尔', 'Georg Schollhammer', '克里斯蒂安·安科维奇', 'Wilbirg Reiter', 'Barbara Klebel', 'Wolfgang Staribacher', 'Wolfgang Glüxam', '亚当·戈德堡', 'Paul Poet', '哈拉尔德·魏格莱因']",,,101,['爱情'],8.7
65,https://www.maoyan.com/films/337625,海蒂和爷爷,瑞士,2019/5/16,['阿兰·葛斯彭纳'],"['阿努克·斯特芬', '布鲁诺·甘茨', '昆林·艾格匹', '安娜·申茨', '伊莎贝尔·奥特曼', '莉莲·奈福', '彼得·杰克林', '克里斯托夫·高格勒', '丽贝卡·因德穆', '莫妮卡·古布瑟', '阿瑟·比勒', '玛丽埃塔·耶米', '彼得·洛迈尔', '卡塔琳娜·舒特勒', '杰拉·哈斯', '迈克尔·克兰茨', 'Heinrich Giskes', '劳拉·帕克', '马库斯·赫林', '马克西姆·梅米特', '迈克尔·卡兰兹', '汉娜洛蕾·赫格', 'Kathrin Susanne Rieger']",1013,2093,111,"['剧情', '家庭', '冒险']",9.5
66,https://www.maoyan.com/films/1368,蝴蝶效应,美国,2004/1/23,"['埃里克·布雷斯', 'J·麦基·格鲁伯']","['约翰·帕特里克·阿梅多利', '罗根·勒曼', '卡梅隆·布莱特', '伊桑·苏普利', '凯文·杜兰', '埃尔登·汉森', '凯文·施密特', '威廉姆·李·斯科特', '肯德尔·克洛斯', '基马尼·雷·史密斯', 'Colby Chartrand', '凯文', '艾米·伊斯特尔', '卡梅隆·K·史密斯', '梅洛拉·沃尔特斯', '埃里克·斯托尔兹', 'Riddle the Dog', 'Andrew Olcott', 'J. Jackson Kocela', 'Garry Little', '麦达·阿帕诺威茨', 'David Cook', 'Meilani Paul', 'Scott Swanson', 'Chapelle Jaffe', 'Brandy Heidrick', 'Shelly Schiavoni', '特雷弗·琼斯', '琼·B·王尔德', 'Paul Lazenby', 'Douglas Arthurs', '丹尼尔·斯平克', '萨姆·伊斯顿', 'Glenn Richards', 'Bill Croft', 'Sadie Lawrence', '格兰特·汤普森', 'Jacqueline Stewart', '杰西·哈奇', '塔拉·威尔逊', '卡米尔·苏利文', 'John B. Lowe', 'Ted Friend', '约翰·蒂尔尼', 'Nathaniel DeVeaux', '奥·盖尔', '杰克·凯斯', '莎拉·威多斯', '凯文·G·施密特', '阿什顿·库彻', '艾米·斯马特', '艾琳·戈洛瓦娅', '杰西·詹姆斯', '考乐姆·吉斯·雷尼', '布兰迪-卡普']",,,113,"['剧情', '科幻', '悬疑', '惊悚']",8.7
67,https://www.maoyan.com/films/2641,罗马假日,美国,1953/8/27,['威廉·惠勒'],"['格利高里·派克', '奥黛丽·赫本', '埃迪·艾伯特', '哈特利·鲍尔', '哈考特·威廉姆斯', '玛格丽特·罗林斯', '托里奥·卡米纳提', '保罗·卡利尼', '克劳迪奥·埃尔梅利', '保拉·布鲁布尼', '里佐·弗雷多里佐', '劳拉·索拉里', 'Gorella Gori', 'Armando Ambrogi', 'Armando Annuale', '毛里齐奥·阿雷纳', 'Silvio Bagolini', '乌戈·巴莱里尼', 'Bruno Baschiera', 'Gildo Bocci', '阿尔弗雷德·布朗', 'Princess Alma Cattaneo', 'J. Cortes Cavanillas', '弗兰科·科尔萨罗', 'John Cortay', 'Vittoria Crispo', 'Ferdinando De Aldisio', '乌戈·德·帕斯卡尔', 'Jan Dijksgraaf', '安德烈·艾斯特哈兹', 'Gherda Fehrer', '雅克·费里尔', 'Helen Fondra', 'Giovanni Fostini', 'Sytske Galema', '保罗·加里', '特蕾莎·戈捷', 'Sidney Gordon', '奥托·格罗斯', 'Heinz Hindrich', '爱德华·希区柯克', '约翰·霍恩', '史蒂芬·豪斯', 'Adam Jennette', 'G. Kabulska', '库尔特·克林格', 'Nicola Konopleff', '弗里德里希·兰普', '黛安·兰特', 'Princess Lilamani', 'Luigi Locchi', 'Mario Lucinni', '路易斯·马里诺', '理查德·麦克纳马拉', '拉宾德拉纳特·米特', 'Maurice Montabre', 'Julio Moriones', '理查德·纽豪斯', 'Desiderio Nobile', '朱斯蒂诺·奥利维', '埃里克·奥顿', 'Piero Pastore', '贾科莫·奔萨', '米莫·波利', 'Giuliano Raffaelli', '多米尼克·丽卡', 'Luigi Moneta', 'Carlo Rizzo', 'Piero Scanziani', 'Gianna Segale', 'Octave Senoret', 'Sir Hari Singh', 'Alcide Tico', '阿梅代奥·特里利', '海伦·塔布斯', 'Marco Tulli', 'Joop van Hulzen', '帕特里夏·瓦尔纳', 'Dianora Veiga', 'Cesare Viori', '塔尼亚·韦伯', 'Hank Werbe', 'Catherine Wyler', 'Judy Wyler', 'George Higgins II', '陆建艺', '金毅']",,,118,"['剧情', '喜剧', '爱情']",9.1
68,https://www.maoyan.com/films/1239,低俗小说,美国,1994/9/23,['昆汀·塔伦蒂诺'],"['约翰·特拉沃尔塔', '乌玛·瑟曼', '塞缪尔·杰克逊', '布鲁斯·威利斯', '蒂姆·罗斯', '阿曼达·普拉莫', '文·瑞姆斯', '罗姗娜·阿奎特', '杜恩·惠特克', '史蒂夫·布西密', '克里斯托弗·沃肯', '昆汀·塔伦蒂诺', '哈威·凯特尔', '劳伦斯·班德', '菲尔·拉马', '布罗娜·加拉赫', '朱丽亚·斯维尼', 'Brenda Hillhouse', 'Venessia Valentino', '凯西·格里芬', '丸山凯伦', '阿尼·萨瓦', 'Glendon Rich', '迪克.米勒', 'Emil Sitka', '琳达·凯伊', 'Rich Turner', 'Robert Ruth', 'Sy Sher', 'Chandler Lindauer', 'Lorelei Leslie', 'Gary Shorelle', 'Jerome Patrick Hoban', '迈克尔·吉尔顿', '劳拉·拉芙蕾丝', 'Stephen Hibbert', 'Carl Allen', 'Don Blakely', '安琪拉·琼斯', '布拉德·帕克', 'Eric Clark', 'Susan Griffiths', '布尔·斯蒂尔斯', '保罗·考尔德伦', '彼得·格林纳', '亚历克西斯·阿奎特', '约瑟夫·佩拉图', '弗兰克·威利', '埃里克·斯托尔兹', '玛丽亚·德·梅黛洛', 'Angela Jones', 'Brad Blumenthal']",,,154,"['剧情', '喜剧', '犯罪']",8.7
69,https://www.maoyan.com/films/2212,菊次郎的夏天,日本,2020/9/25,['北野武'],"['北野武', '关口雄介', '岸本 加世子', '吉行和子', '大家由祐子', '麿赤儿', '今村鼠', '细川典江', '关根大学', '稻宫诚', '大叶冬', '田中要次', '井手博士', 'Beat Kiyoshi', 'Great Gidayu', 'Hisahiko Murasawa', 'Tarou Suwata', 'Hidehisa Ebata', '小岛可奈子', 'Kyoko Nagata', 'Shimie Komura', 'Yuki Tsukamoto', 'Yuko Yasui', 'Kenta Arai', '细川忍', 'Takeshi Onishi', 'Naoto Seshimo', 'Yoshiyuki Ukon', '大槻修治', '铃木忠幸', '兼子二郎', '诹访太朗', '小林惠美']",597,906,120,"['剧情', '喜剧']",8.8
70,https://www.maoyan.com/films/43,三傻大闹宝莱坞,印度,2011/12/8,['拉吉库马尔·希拉尼'],"['阿米尔·汗', '黄渤', '卡琳娜·卡普', '汤唯', '博曼·伊拉尼', '马德哈万', '沙尔曼·乔什', '奥米·瓦依达', '贾维德·贾弗里', '拉杰夫·拉凡德拉那桑', '莫娜·辛格', 'Akil Mishra', '阿里·法扎勒', '帕里卡沙特·萨赫尼', 'Jayant Kripalani', 'Shoaib Ahmed', 'Arun Bali', 'Chandrashekhar', 'Rahul Kumar', 'Meghna Bhatia', 'Achyut Potdar', 'Supriya Shukla', 'Rakesh Sharma', '登坂广臣', 'Atul Tiwari', '尚卡尔·萨查德夫', 'Pitobash Tripathy', 'Malvika Singh', 'Pooja Goswami', '阿马尔迪普·杰哈', 'Aakash Dabhade', 'Mukund Bhatt', 'Chaitali Bose', 'Nishi Singh', 'Vaidyanathan', 'Michael Joseph', 'Trilok Sadhwani', 'Tanveer Ahmed', 'Harvinder Singh', 'Sitaram Sharma', 'Saurabh Agnihotri', 'Captain A.S. Duggal', 'Shailaja Dhar', 'Dinesh Kumar', 'Raghunathan', 'Rajendra Patwardhan', 'Sanjay Sood', 'Sarvanna', 'Pandit Prayag Raj', 'Dayal Sharma', 'Hitesh Tak', 'Dharmendra Bhurji', 'Kumar Veer Singh', 'Dileep Desai', 'Annapurna Kaul', 'Dr. Kishor Patil', 'R.S. Kodange', 'Apul Jaisinghani', 'Sonu', 'Dr. Praful Kulkarni', '马达范', 'Olivier Lafont', 'Farida Dadi', '东方熠', 'Parikshat Sahni', 'Amardeep Jha', 'Dushyant Wagh', 'Akhil Mishra', 'Freny Bhagat', 'Pitobash', 'Amarjeet Jha', 'Rohitashv Gour', 'Komal Jha', '卡琳娜·卡普尔']",742,1396,171,"['剧情', '喜剧', '冒险']",9.1
71,https://www.maoyan.com/films/343203,釜山行,韩国,2016/7/20,"['延尚昊', '延相昊']","['孔刘', '郑有美', '马东锡', '金秀安', '崔宇植', '安昭熙', '郑锡勇', '崔贵华', '沈恩京', '禹都临', '延尚昊', '金义城', '艺秀晶', '朴明申', '张赫镇', '白仁权', '南砚友', '郑煐禥', '李珠实', '柳在勋', '车清华', '金在罗', '金周宪', '金旻錫', 'Kim Yoo', 'Han Sung-soo', 'Dong', '金锦顺', '金根英', '郑西仁', '柳成禄', '金丹菲', '金昌焕', '张泰民', '朴素贞', '郑裕美', 'Eun-Kyeong Kim', 'Terri Doty', '郑英基', 'Myeong-shin Park', 'Min-sang Kim', '朴成敏', '韩智恩', 'Jin-yong Kim', 'Joo-ri']",,,118,"['动作', '惊悚', '灾难']",8.9
72,https://www.maoyan.com/films/1321,七宗罪,美国,1995/9/22,['大卫·芬奇'],"['布拉德·皮特', '摩根·弗里曼', '格温妮斯·帕特洛', '理查德·朗德特里', '李·厄米', '约翰·迈克格雷', '朱莉·阿拉斯科格', '小马克·布恩', '约翰 卡西尼', '雷格·E·凯蒂', '彼得·科隆比', '霍桑·詹姆斯', '利兰·奥瑟', '理查德·波特诺', '海迪·萨卡斯', '帕梅拉·泰森', '阿方索·弗里曼', '鲍勃·斯蒂芬森', '都铎·谢拉德', '凯文·史派西', '艾米莉·瓦格纳', '马丁·普兰斯', '理查德·希夫', '詹姆斯·蒂斯', '查尔斯·A·坦伯罗', '里奇蒙德·阿奎特', '查尔斯·达顿', '达菲·盖弗', '约翰·桑廷', '香克斯', 'Brian Evers', '保罗·埃克斯坦', '瑞秋·沙特', '哈里斯·萨维德斯', '埃文·米兰达', '莱克西·比格姆', '卡特·穆勒', '润·布莱尔', '大卫·科雷亚', '莎拉·莱因哈特', '伦尼洛·夫廷', '迈克尔·雷德·麦基', '哈里森·怀特', '马里奥·迪多纳托', '简博尔坎', '贝弗利·伯克', '艾伦·科尔曼', '多米妮克·詹宁斯', '查林·苏', '吉米·鲍勃·哈特赛尔', '鲍勃·柯林斯', '威廉·戴维森', '安德烈·胡勒斯', '乔治·克里斯蒂', '鲍勃·麦克', '加雷特·皮尔森', '安德鲁·凯文·沃克', '弗兰斯·安格拉德', '迈克尔·麦斯', 'R·李·艾尔米', 'Peter Crombie', 'William Davidson', 'Robert J. Stephenson', '埃文·米兰德', 'Jimmy Dale Hartsell', 'Pamela Tyson', 'Rachel Flanagan']",,,127,"['剧情', '悬疑', '惊悚', '犯罪']",8.7
73,https://www.maoyan.com/films/1597,春光乍泄,中国香港,1997/5/30,['王家卫'],"['张国荣', '梁朝伟', '张震', '关淑怡', '格利高里·戴顿', '关雪丽']",,,96,['剧情'],9.2
74,https://www.maoyan.com/films/224973,无间道,中国香港,2003/9/5,"['刘伟强', '麦兆辉']","['刘德华', '梁朝伟', '黄秋生', '曾志伟', '陈慧琳', '郑秀文', '陈冠希', '余文乐', '萧亚轩', '杜汶泽', '林家栋', '吴廷烨', '林迪安', '尹志强', '许金峰', '何华超', '利沙华', '区轩玮', '李天翔', '黄燕强', '林溥来', '郑颖仪', '姚文基', '袁伟豪', '麦伟国', '瞿美仪', '李业健', '何仲伟', '余世腾', '苏伟南', '黎志伟', '梁皓楷', '李子明', '许安达', '何永宁', '李华柱', '梁超怡', '李启杰', '张艺', '叶清', '洪智杰', 'Chi-Wang Wong', 'Chi-Wai Lai', 'Yuk-San Cheung', 'Wai Ho Yuen']",,2,101,"['剧情', '犯罪']",9.1
75,https://www.maoyan.com/films/1287,爱在日落黄昏时,美国,2015/4/20,['理查德·林克莱特'],"['伊桑·霍克', '朱莉·德尔佩', '弗农·多布切夫', '路易丝·勒莫瓦纳·托雷斯', '罗多尔·保利', '玛丽安·普莱施泰格', '迪亚博洛', '丹尼·弗拉', '艾伯特·德尔佩', '玛丽·佩里', 'Louise Lemoine']",,,80,"['剧情', '爱情']",8.7
76,https://www.maoyan.com/films/38099,穿条纹睡衣的男孩,英国,2008/8/28,"['马克·赫尔曼', '马克·鲁赫曼']","['阿沙·巴特菲尔德', '维拉·法梅加', '大卫·休里斯', '鲁伯特·弗兰德', '杰克·斯坎伦', '卡拉·霍根', '理查德·约翰逊', '大卫·海曼', '谢拉·汉考克', '安贝尔·比蒂', '祖萨·霍尔', '拉斯洛·阿隆', 'Henry Kingsmill', ""Zac Mattoon O'Brien"", 'Gábor Harsai', '贝拉·费斯彼姆', 'Domonkos Németh', '阿提拉·埃杰德', '伊凡·弗雷贝利', 'Charlie Baker', '拉斯洛·纳道希', 'László Quitt', '米哈利·绍鲍多什', '泽索特·萨法尔·科夫卡', '吉姆·诺顿', '奥索利亚·茱莉娅·帕普', 'Cara Horgan']",,,94,"['剧情', '战争']",9
77,https://www.maoyan.com/films/1575,心灵捕手,美国,1997/12/5,['格斯·范·桑特'],"['罗宾·威廉姆斯', '马特·达蒙', '明妮·德里弗', '本·阿弗莱克', '卡西·阿弗莱克', '斯特兰·斯卡斯加德', '科尔·豪瑟', '哈莫尼·科林', '维克·萨海', '乔治·普林普顿', 'Frank Nakashima', '克里斯·布里顿', 'Brian Rivers', 'Paul McGillicuddy', 'Thomas Lundy', 'Riva Di Paola', 'Bobby Curcuro', 'Jessica Morton', 'Daniel Olsen', 'Kent Damon', 'James Allodi', 'Robert Talvano', 'Bruce Hunter', '戴维·艾斯纳', 'Richard Fitzpatrick', 'Chas Lawther', 'Libby Geller', 'Barna Moricz', '弗朗切斯科·克莱门特', 'Ann Matacunas', 'Joe Cannon', '吉米·弗林', 'Kevin Rushton', ""Patrick O'Donnell"", 'Philip Williams', 'Jennifer Deathe', '史蒂文·科兹洛夫斯基', 'Rob Lyons', 'Shannon Egleson', 'Derrick Bridgeman', '艾莉森·福兰德', '丹·华盛顿', 'Rob Lynds', 'Ralph St. George', 'Matt Mercier', 'Colleen McCauley', 'Rachel Majorowski', '约翰·迈顿', '斯科特·威廉姆·文特斯', '金彧亮']",,,126,['剧情'],8.4
78,https://www.maoyan.com/films/1290,重庆森林,中国香港,1994/7/14,['王家卫'],"['梁朝伟', '王菲', '金城武', '林青霞', '周嘉玲', '左颂升', '陈锦泉', '关莉娜', '良辰', 'Huang Zhiming', '琳内·兰登', '黄志明', 'Songshen Zuo']",,,102,"['剧情', '悬疑', '爱情']",8.6
79,https://www.maoyan.com/films/513,剪刀手爱德华,美国,1990/12/6,['蒂姆·波顿'],"['约翰尼·德普', '薇诺娜·瑞德', '黛安娜·维斯特', '安东尼·迈克尔·豪尔', '凯西·贝克', '罗伯特·奥利维里', '康查塔·费雷尔', '卡罗娜·艾伦', '迪克·安东尼·威廉姆斯', '肖恩·托马斯', '文森特·普莱斯', '艾伦·阿金', '苏珊·布洛马特', 'Linda Perri', 'Biff Yeager', '马蒂·格林伯格', '布莱恩·拉肯', '约翰·麦克马洪', 'Victoria Price', 'Stuart Lancaster', 'Gina Gallagher', '阿隆·鲁斯汀', 'Alan Fudge', '史蒂文·布里尔', 'Peter Palmer', '马克·麦考利', '卡门·J·亚历山大', '布雷特·赖斯', '安德鲁·B·克拉克', '凯利·克罗夫顿', '琳达·赫斯吉恩', '罗莎琳·汤姆森', 'Lee Ralls', 'Eileen Meurer', 'Bea Albano', '唐娜·派洛尼', 'Ken DeVaul', '迈克尔·高根', '特里西娅·劳埃德', 'Kathy Dombo', '雷克斯·福克斯', '谢里·弗格森', 'Tabetha Thomas', 'Carol Crumrine', 'Suzanne Chrosniak', 'Tammy Boalo', '杰基·卡森', 'Ellen Dennis', '凯西·弗莱明', 'Jalaine Gallion', '米丽娅姆·古德斯皮德', '戴安娜·L·格林', '玛丽·简·希思', 'Carol D. Klasek', '劳拉·纳德', '多伊尔·安德森', '哈维·贝尔曼', '迈克尔·布朗', '加里·克拉克', '罗兰·杜维尔', '罗素·E·格林', '塞西尔·霍金斯', 'Jack W. Kapfhamer', '比尔·克莱恩', '菲尔·奥尔森', '乔·谢尔顿', '詹姆斯·斯派塞', '约翰·戴维森', '尼克·卡特']",,,105,"['剧情', '爱情', '奇幻']",8.8
80,https://www.maoyan.com/films/246433,辩护人,韩国,2013/12/18,['杨宇硕'],"['宋康昊', '郭度沅', '吴达洙', '金英爱', '柳秀荣', '宋永彰', '任时完', '沈希燮', '车光洙', 'Seon-Mook Cho', 'Ki-Jung Han', '李星民', '郑原仲', '赵珉基', '李杭娜', '韩基重', '沈熙燮', '赵莞基', '李姃垠', '朴成根', '郑俊元', '李真熙', '朴修荣', '李率求', '张利雨', '权五镇', 'Jung Hyun Choi', '薛昌熙', '杨明宪', '黄健', '曹善默', '刘河福', 'Do-hyeon Yang', '全光镇', '申承勇', '金佳英', '郭道元', 'Han Gi-Joong', 'Kwang-Jin Jeon', '宋浩宏', '柳夏福']",,,127,['剧情'],8.8
81,https://www.maoyan.com/films/4430,控方证人,美国,1957/12/17,['比利·怀德'],"['泰隆·鲍华', '玛琳·黛德丽', '查尔斯·劳顿', '爱尔莎·兰切斯特', '约翰·威廉姆斯', '茹塔·李', '亨利·丹尼尔', '伊安·沃尔夫', '托林·撒切尔', '诺玛·威登', '尤娜·奥康纳', 'Philip Tonge', '玛乔丽·伊顿', '富兰克林·法纳姆', '贝丝·弗劳尔斯', 'Colin Kenny', '奥托拉内史密斯', '威廉·H·奥布莱恩', 'J·帕特·奥马利', '乔治·佩林', 'Jack Raine', 'Molly Roden', '杰弗里·塞尔', 'Norbert Schiller', '本·怀特', '帕特里克·艾亨', '伯特史蒂文斯', 'Francis Compton', '比尔·欧文', 'Paul Kruger', 'Paul Power', 'Frank McClure', '埃迪·贝克', 'Jeanne Lafayette', 'Wilbur Mack', 'Fred Rapport', '利奥达·理查德斯', 'Glen Walters', 'Arthur Tovey', 'Cap Somers', 'Lucille Sewall', '斯科特·西顿', 'John Roy', 'Al Roberts', 'Art Howard', 'Stuart Hall', '史蒂夫·卡鲁瑟斯', 'George Calliga', '乔治布鲁格曼', '丹尼·鲍沙其', 'Brandon Beach', '沃尔特·培根']",,,116,"['剧情', '悬疑', '犯罪']",8.5
82,https://www.maoyan.com/films/78538,素媛,韩国,2013/10/2,"['李濬益', '李俊益']","['李甄', '薛耿求', '严智苑', '金海淑', '金相浩', '罗美兰', '杨真诚', '权泰元', '赵福来', '徐贤宇', '宋英奎', '郑敏圣', '曹文义', '金道烨', '金美庆']",,,122,['剧情'],9.1
83,https://www.maoyan.com/films/1167831,波西米亚狂想曲,英国,2019/3/22,['布莱恩·辛格'],"['拉米·马雷克', '本·哈迪', '约瑟夫•梅泽罗', '格威利姆·李', '艾伦·里奇', '露西·宝通', '艾丹·吉伦', '汤姆·霍兰德', '麦克·梅尔斯', '阿隆·麦克卡斯克', '梅内卡·达斯', '迪基·博', '蒂姆· 普莱斯特', '杰克·罗思', '马克斯·班内特', '基兰·哈德卡斯托', '罗斯·格林', '布鲁斯·麦克金伦', '米歇尔·邓肯', '马特·格林伍德', '罗茜·本杰明', '约翰·奥特曼', '詹姆斯·华莱士', '文森特·阿德里安', '拉斯科·阿特金斯', '乔纳森·奇塔姆', '迈克尔·科布', '耶稣·加洛', '亚当·兰伯特', '豪尔赫·莱昂马丁内斯', 'Jason Lines', '伊斯雷尔·鲁兹', '普丽亚·布莱克本', '安德鲁·鲍尔曼', '罗伊斯·克罗宁', '埃斯·巴蒂', '菲利普·安德鲁', '亚当·劳夫', '德默特·墨菲', 'Ahsen Bhatti', '乔安娜·希雅', '米洛斯拉夫·扎鲁巴', 'Adam Lazarus', '罗拉·莫斯', '加里·萨默斯', 'Stefan Kopiecki', 'Amanda Smith', '肖恩·格里芬', '迪恩·韦尔', 'Bruce MacKinnon', 'Peter Howe', 'Jonathan Cheetham', 'Rochelle De-Terville', '詹姆斯·海尔', 'Jess Radomska', 'Leila Crerar', '乔舒亚·西格特', 'Drew P', 'Katherine Newman']",4181,9907,134,"['剧情', '音乐', '传记']",9.4
84,https://www.maoyan.com/films/78312,时空恋旅人,英国,2013/9/4,['理查德·柯蒂斯'],"['瑞秋·麦克亚当斯', '多姆纳尔·格里森', '比尔·奈伊', '玛歌特·罗比', '汤姆·霍兰德', '琳赛·邓肯', '内芙·加切夫', '凡妮莎·柯比', '李·阿斯奎斯-科', '安部春香', '汤姆·休斯', '李·尼古拉斯·哈里斯', '丽莎·艾科恩', '凯瑟琳·斯戴曼', 'Nichola Marie Fynn', '维尔·梅里克', '保罗·布莱克维尔', '罗薇娜·戴蒙德', '莉迪亚·威尔逊', '马修·C·马蒂诺', '黛博拉·罗桑', '约翰达根', '米切尔·马伦', '格雷厄姆·库里', '理查德·赫德曼', '哈利·海顿-佩顿', 'Lilian Price', 'Evie Wray', '艾莎·哈特', '理查德·科德里', 'Greg Bennett', '宾利·卡鲁', '阿曼达·伦贝里', 'Cleo Bianca Anderson', 'Morris Minelli', '利昂·科尔宾', '吉诺·皮恰诺', 'Neil Alexander Smith', 'Kris Dillon Jr', '乔什·麦吉尔', 'Katherine Denkinson', '朱莉·沃洛诺', 'John Harley', 'Glenn Webster', 'Luke Howard', 'Catherine Delaloye', 'Eva Dagoo', 'Benjay X Murphy', 'Freddie-Joe Twine', '西蒙娜·利伯曼', 'Matt Butcher', '马汀·麦格', '珍妮·莱恩斯福德', '罗比·海恩斯', 'Natasha Powell', 'Jon Wennington', 'Clemmie Dugdale', 'Ricky Rajpal', 'Murray Close', '理查德·班克斯', 'Lisa Byrne', 'Fran Bennett', 'Martyn Moore', '菘龙忠', 'Fiaz Ali', 'Aisling Hughes', 'Bhanu Alley', 'Olivia Konten-Sloman', 'Andrew Yiallouros', 'Habib Anibaba', 'Tiger Rudge', 'Sara Heller', 'Natasha Manu', 'Guglielmo Richards', 'Sophie Brown', 'Georgie Westall', 'Paige Segal', 'Katharine Blackshaw', 'David Golt', 'Kas Graham', 'Lew Smart', 'Alex Tutusaus', '理查德·E·格兰特', '理查德·格雷弗斯', 'Pal Aron', 'Mark Healy', 'Kenneth Hazeldine', 'Matilda Sturridge', '菲利普-沃斯', 'Tom Godwin', 'Ben Benson', 'Andrew Martin Yates', 'Verity Fullerton', 'Veronica Owings', 'Jaiden Dervish', 'Jacob Francis', 'Jago Freud', 'Ollie Phillips', 'Sophie Pond', 'Kirsty Anne Symonds', '艾莉克丝摩尔', 'Molly Seymour', '汤姆·斯托顿', 'Rebecca Chew', 'Jon West', 'Graham Richard Howgego', 'Kerrie Liane Studholme', 'Barbar Gough', 'Jon Boden', 'Charlie Curtis', '约书亚·麦吉尔', '弗朗西斯卡·祖琪妮', '贝恩·科拉科', '迪诺·法扎尼', '李仙湖', '尼可拉·芬恩']",,,123,"['喜剧', '爱情', '奇幻']",8.9
85,https://www.maoyan.com/films/14652,断背山,美国,2005/9/2,['李安'],"['希斯·莱杰', '杰克·吉伦哈尔', '米歇尔·威廉姆斯', '兰迪·奎德', '安妮·海瑟薇', '凯特·玛拉', '格拉汉姆·贝克尔', '大卫·哈伯', '罗伯塔·马克斯韦尔', '皮特·麦克罗比', '安娜·法瑞丝', '琳达·卡德里尼', 'Tyson Wiebe', 'Jayson Therrien', '罗德里格·普列托', 'Mary McBride', 'Jon-Paul Khouri', 'Cam Sutherland', 'Christian Fraser', 'Gary Lauder', 'Will Martin', '杰克·丘奇', '夏恩·希尔', 'Cayla Wolever', 'Jerry Callaghan', 'Jacey Kenny', 'Pete Seadon', 'Keanna Dubé', 'Steffen Cole Moser', 'Kade Philps', 'Mary Liboiron', 'Dean Barrett', 'Duval Lang', 'Don Bland', 'Dan McDougall', 'Lachlan Mackintosh', 'Victor Reyes', 'David Trimble', '艾瑞卡·沃尔特', '凯林·西', '肯·罗伯茨', '巴布·米切尔', '约翰·腾奇', 'Ken Zilka', 'Sarah Hyslop', 'James Baker', '布鲁克琳·普劳克斯', '斯科特·迈克尔·坎贝尔', 'Hannah Stewart', '史蒂文·克里·莫利森', '汤姆·凯瑞', '马蒂·安东尼尼', '瓦莱丽·普朗什', 'Larry Reese', '戴夫·特里布尔', '大卫·达斯马齐连', '萝伯塔·麦斯威尔', 'Tom Carey', 'Ken Roberts', 'Kade Phillips']",,,134,"['剧情', '爱情', '家庭']",8.9
86,https://www.maoyan.com/films/1228,天空之城,日本,1992/5/1,['宫崎骏'],"['寺田农', '鹫尾真知子', '龟山助清', '铃木玲子', '林原惠美', '关俊彦', '鳕子', '安娜·帕奎因', '克萝丽丝·利奇曼', '安迪·迪克', '马克·哈米尔', '吉姆·卡明斯', '迈克尔·麦克沙恩', '科里·伯顿', '黛比·德里贝里', '埃迪·弗里森', '崔丝麦妮利', '斯科特·门维尔', '迈克尔·索里奇', 'Andrew Philpot', 'Matt Miller', '约翰·德米塔', 'John Hostetter', 'Richard A. Dysart', '彼得·费尔南德斯', '詹姆斯·范德比克', '曼迪·帕廷金', '大塚芳忠', '西村知道', '初井言荣', '横泽启子', '田中真弓', 'Susan Hickman', '菅原正志', '峰惠研', '安原义人', '糸博', '永井一郎', '常田富士男', '寺田稔', '神山卓三', '槐柳二', 'Susan Hickman', '姜瑰瑾', '林美秀', '胡立成', '古田信幸', '大泷进矢', '理查德·戴萨特', 'Hideki Fukushi', '马特·K·米勒', 'Lara Cody', '帕特·弗雷利', '戴夫·麦罗', 'Ray Michaels', '杰夫·温克里斯', '弗兰克·维尔克', 'Takahiro Hirai', 'Shinya Ohtaki', '芭芭拉·古德森', 'Edward Mannix', '约翰·迪·马吉欧', 'Barry Stigler', 'Clifton Wells']",,,125,"['动画', '奇幻', '冒险']",9
87,https://www.maoyan.com/films/30932,入殓师,日本,2021/10/29,['泷田洋二郎'],"['本木雅弘', '广末凉子', '山崎努', '吉行和子', '笹野高史', '余贵美子', '杉本哲太', '橘雪子', '岸博之', '诹访太朗', '山田辰夫', 'Mitsuyo Hoshino', '石田太郎', '宫田早苗', '峰岸彻', '奥田达士', '樋渡真司', 'Genjitsu Shu', 'Ryôichi Suzuki', '藤明美', 'Miyuki Koyanagi', '卜字高雄', '山中淳', '橘由加莉', 'Ryôsuke Ôtani', '吴永庆', '小越勇辉', '高田裕司', 'Mari Hayashida', 'Kenzô Ryû', 'Sadami Sakamoto', 'Yôko Imamoto', 'Yûji Kido', '小柳友贵美', '真下有纪', '宝井诚明']",2289,3377,131,['剧情'],8.7
88,https://www.maoyan.com/films/2049,十二怒汉,美国,1957/4/13,['西德尼·吕美特'],"['亨利·方达', '李·科布', '马丁·鲍尔萨姆', '杰克·瓦尔登', '埃德·贝格利', '约翰·菲德勒', '杰克·克卢格曼', '爱德华·宾斯', '约瑟夫·史威尼', '乔治·沃斯科维奇', '罗伯特·韦伯', '鲁迪·邦德', 'Everett Eugene Grunz ,Eej', 'James Kelly', 'Bill Nelson', 'John Savoca', '尼基塔·米哈尔科夫', '谢尔盖·加尔马什', '阿列克谢·彼得连科', '尤里·斯托亚诺夫', '谢尔盖·加扎罗夫', '米哈伊尔·叶夫列莫夫', '维克多·维尔比斯基', '罗曼·迈迪安诺夫', '娜塔丽亚·苏尔科娃', 'Lyubov Rudneva', '伊戈尔·韦尔尼克', 'Vladimir Komarov']",,,159,"['剧情', '悬疑']",9.1
89,https://www.maoyan.com/films/2204,两杆大烟枪,英国,1998/8/28,['盖·里奇'],"['杰森·弗莱明', '德克斯特·弗莱彻', '杰森•斯坦森', '尼克·莫兰', '斯蒂文·麦金托什', '尼古拉斯·罗维', '维尼·琼斯', '斯汀', '罗尼·福克斯', '安德鲁·蒂曼', '马修·沃恩', 'P.H.莫里亚蒂', '弗兰克·哈珀', '哈吉·利弗', '斯蒂芬·马库斯', '薇拉·黛', '阿兰·福德', '丹尼·约翰-儒勒', '维克多·麦克奎尔', 'James Tarbuck', 'Richard Vanstone', 'Graham Stevens', '戴夫·里德', 'Suzy Ratner', 'Mark Mooney', 'Tim Maurice-Jones', 'Bal Jusar', 'Derek Howard', 'John Houchin', 'Alex Hall', 'Sid Golder', 'Jimmy Flint', ""Elwin 'Chopper' David"", 'Steve Collins', 'Stephen Callender-Ferrier', '罗伯·布莱顿', '杰克·亚伯拉罕', '瓦斯·布莱克伍德', 'Tony McMahon', 'Steve Sweeney', 'Peter McNicholl', 'Lenny McLean', 'Charles Forbes', 'Nick Marcq', '史蒂夫·斯威尼']",,,107,"['惊悚', '剧情', '犯罪', '喜剧']",8.7
90,https://www.maoyan.com/films/790,蝙蝠侠：黑暗骑士,美国,2008/7/14,['克里斯托弗·诺兰'],"['克里斯蒂安·贝尔', '希斯·莱杰', '阿伦·伊克哈特', '迈克尔·凯恩', '玛吉·吉伦哈尔', '加里·奥德曼', '摩根·弗里曼', '莫妮卡·科内', '罗恩·迪恩', '基里安·墨菲', '黄经汉', '内斯特·卡博内尔', '埃里克·罗伯茨', '里奇·科斯特', '迈克尔·加·怀特', '菲利普·布卡克', '利萨·麦克阿里斯特', '彼特·布洛克', '布隆森·韦伯', '伊恩·皮里', '欧内斯特·皮尔斯', '约翰·沃曼', '安东尼·迈克尔·豪尔', '内森·甘宝', '威廉·菲克纳', '毕崔斯·罗森', '陈冠希', '大卫·达斯马齐连', '阿利安·巴克瑞', '汤米 里斯特', '大卫·阿贾拉', 'Roger Monk', '乔恩·李·布洛迪', 'Debbi Burns', '玛丽扎·卡布蕾拉', '尼基·凯特', '丹·莱瑟姆', 'Chris D. Thomas', '基斯·斯扎拉巴基克', '柯林·麦克法兰', '约书亚·哈尔托', '美琳达·麦格劳', 'Robert Michael Vieau', '迈克尔·斯托扬诺夫', '威廉·斯米利', '丹尼·高德林', '欧鲁米基·欧拉乌米', '爱利克·赫尔曼', '文森佐·尼克力', 'Nydia Rodriguez', 'Andy Luther', 'James Farruggio', 'Thomas Edson McElroy', 'Will Zahrn', 'James Fierro', '帕特里克莱希', 'Sam Derence', 'Jennifer Knox', 'Patrick Clear', 'Sarah Jayne Dunn', 'Chucky Venice', 'Winston Ellis', 'Sophia Hinshelwood', 'Keith Kupferer', 'Joseph Luis Caballero', '理查德·迪兰', 'Daryl Satcher', 'Chris Petschler', 'Aidan Feore', 'Paul Birchard', 'Walter Lewis', '文森特·里奥特', 'Nancy Crane', 'K·托德·弗里曼', '马特·沙伦伯格', 'Michael Andrew Gorman', 'Lanny Lutz', 'Peter Defaria', '马特·里皮', '安德鲁·比克内尔', 'Doug Ballard', '海伦马克苏德', '汤米·坎贝尔', '克莱格·西恩利', 'Lorna Gayle', 'Joshua Rollins', 'Dale Rivera', '马修·里奇', 'Thomas Gaitsch', '威廉·阿姆斯壮', '亚当·卡莱佩里斯', 'Tristan Tait', 'Gertrude Kyles', '乔纳森·赖兰德', 'James Scales', 'Nigel Carrington', 'Lateef Lovejoy', 'Grahame Edwards', '罗南·萨莫尔斯', 'Wai Wong', 'Michael Corey Foster', 'Hannah Gunn', 'Asim Ahmad', 'Jeff Albertson', 'Tracy L. Aldaz', 'Matthew W. Allen', '布兰登·兰伯丁', 'Stephen Armourae', 'Mike Bach', 'Wayne Baker', 'Martin Ballantyne', 'Tommy Bartlett', 'Blayne Bennett', 'Shirin Caiola', 'Laura Chernicky', '马特·赵', 'Henry Chu', 'Kelli Clevenger', 'Jessica Cooper', 'Bruce Allen Dawson', 'Danielle Day', 'Richard Divizio', '托尼·多米诺', '大卫·威廉·詹姆斯·埃利奥特', 'Gene Fojtik', 'Reese Foster', 'Jason Frederick', 'Darren Elliot Fulsher', 'David Fultz', 'Scott Ganyo', 'Marisol Giraud', 'Tim Glanfield', 'Dan Gossen', 'Sharlene Merchant', 'Natalie Hallam', '乔登·霍奇斯', 'John Hoving', 'Bill Ibrahim', 'Erron J. Shaw', 'Daniel Jefferson', '拉美西斯·希梅内斯', 'Will Jones', 'Bob Kaliebe', 'Mark Keiser', 'Charles Kierscht', 'Thomas Kosik', 'Don Kress', 'Tim Krueger', 'Michael Kuster', 'Joseph Lazicki', 'David Lesley', 'Ivan Lovegren', 'Deborah Lynn', 'Noelle Lynn', 'Jonathan Macchi', 'J.R. Martino', 'Joseph Mazurk', '汤姆·麦克科马斯', 'Krista McEnany', 'James Mellor', 'Stephen Modell', 'Joe Nelson', 'Sal Ozbay', 'Rory Plante', 'Charles Query', 'Marc Radzi', '巴斯特·雷维斯', 'Libby Regnier', 'Sara Ritz', '彼得·雷尼克', 'Gary Ryder', 'Elisa Schleef', 'Greg Schweiner', 'Jan Seybold', 'Amit Shah', 'Vivek Shah', 'Michelle Shields', 'Sofiya Smirnova', 'John Snowden', 'Lorea Solabarrieta', 'Dwight Sora', 'Bruce Spielbauer', 'January Scarpino', 'Robert P. Stern', 'Robert Stone', 'Richard Strobel', 'John Thurner', 'Tom Townsend', 'Chuen Tsou', '约翰·图尔克', '迈克·怀特', 'Erik A. Williams', '克里斯托弗·威尔森', 'Lisa Wolf', 'Essa Zahir', 'Kevin Zaideman', '莫尼克·加布里埃拉·库尔内', ""Matthew O'Neill"", '格雷格·比姆', '迈克尔·维约', '马修·奥尼尔', 'Monique Curnen', 'Ron Dean', 'Joshua Harto', 'Danny Goldring', '威廉·菲德内尔', '汤姆·麦克尔罗伊', '查尔斯·维恩', '汤米·利斯特']",,,152,"['剧情', '动作', '科幻', '惊悚']",9.3
91,https://www.maoyan.com/films/11105,猫鼠游戏,美国,2003/4/11,['史蒂文·斯皮尔伯格'],"['莱昂纳多·迪卡普里奥', '汤姆·汉克斯', '克里斯托弗·沃肯', '马丁·辛', '纳塔莉·贝伊', '艾米·亚当斯', '詹姆斯·布洛林', '弗兰克·约翰·休斯', '詹妮弗·加纳', '艾伦·旁派', '伊丽莎白·班克斯', '罗伯特·柯蒂斯-布朗', '布莱恩·古德曼', '詹姆斯·杜蒙特', '基蒂·卡莱尔', '尼克·扎诺', '布莱恩·豪威', 'Steve Eastin', '克里斯·埃里斯', '约翰·芬', '南希·利内翰', '凯蒂·阿扎拉', 'Matthew Kimbrough', '凯瑟琳·道布尔迪', 'Maggie Mellin', '托马斯·科帕切', 'Margaret Travolta', 'Jimmie F. Skaggs', '阿莱克斯·海德-怀特', '利利安·查维', 'Robert Ruth', 'Jennifer Manley', '詹姆斯·莫里森', 'Robert Symonds', '斯蒂夫·维亭', '温迪·沃辛顿', 'Jane Bodle', 'J.帕特里克·麦克康尔马克', '雷·普罗夏', '莎拉·兰卡斯特', '里奇·蒙哥马利', 'Benita Krista Nall', '肖恩·埃德尔曼', '摩根·鲁斯勒', 'Jane Edith Wilson', 'Dave Hager', '凯尔·戴维斯', ""Patrick Thomas O'Brien"", 'Deborah Kellner', '艾米·阿克', '罗伯特·皮特斯', '托马斯·克劳福德', 'Sarah Rush', 'Malachi Throne', 'Alfred Dennis', 'Donna Kimball', '简·门罗', '史蒂芬·邓纳姆', '布兰登基纳', 'Anthony Powers', 'Lauren Cohn', '杰瑞米·霍华德', '杰克·奈特', '杰米·安德森', 'Kam Heskin', 'Ana Maria Quintana', '杰拉德·莫伦', 'Celine du Tertre', 'Stan Bly', '杰米·莫斯', '亚力山大·比斯宾', 'Ellis Hall', 'Alden Olmsted', 'Ric McCloud', '贾森·格鲁特尔', 'Cameron Deaver', 'Jessica Bassman', 'Hilary Rose Zalman', 'Jacki Tenerelli', 'Jeffrey Squire', 'Max Spielberg', 'Kim Sky', 'Lidia Sabljic', 'Jeffrey Pritz', 'Veronique Ory', 'Karrie MacLaine', 'Cari Lucas', 'Pablo Lewin', 'Joshua Michael Kwiat', 'Cyrus King', 'Casey Kern', 'Elina Jaiden', 'Tiffany Glass', 'Pierre Ebert', 'Mark Correy', '加里·卡斯特罗·丘吉尔', 'Phil Bowers', 'Joe Beaudin', 'Samuel St. Amour', 'Jonathan René', 'Nicolas Radeschi', 'Alexandre Pépin', 'David Parent-Laliberté', 'Julien Normandeau', 'Jason McNally', 'Florent Legault', 'William Lauzon', 'Pascal Larouche', 'Sébastien Jean', 'Vincent Généreux', 'Simon Houle-Gauthier', 'Léon Dussault-Gagné', 'Antoine Drolet-Dumoulin', 'Marc-Antoine Côté', 'Raphaël Cardin', 'Francis Campeau', 'Jean-François Brousseau', 'Dominic Bond', 'Joe Garagiola', 'Fred Datig', '史蒂文·梅兹勒', 'Kelly Cohen', 'Ashley Cohen', 'Jake Wagner', 'Paul Todd', 'Patrice Dussault', '盖伊-丹尼尔·特瑞布雷', 'Mathieu Gaudreault', 'Jean-François Blanchard', 'Roger Léger', '弗兰克·阿巴内尔', '杰西卡·科林斯', '杰西米·杰西卡·安东尼', 'Max Kerstein', 'Mercedes Cornett', '杰米·雷·纽曼', 'Andrew Meeks', 'Jonathan Brent', 'Angela Sorensen', 'Joel Ewing', 'Mike Baldridge', 'Jill Matson', '凯利·哈钦森', 'Jennifer Kan', 'Eugene Fleming', 'Jonathan Dankner', 'Kelly McNair', 'Joshua Boyd', 'Guy Thauvette', 'Nicole Liberman', 'Barry Blueian', 'Jillian Clare', '嘉莉·克莱恩', 'Brian Reed Garvin', '杰西·海曼', 'Charlotte Kyle', 'Michael Lightsey', 'Pete Macnamara', '莎莫·摩尔', 'Nick Pellegrino', 'Marylee Picciano', 'Cali Ross', 'Andy Signore', 'Clyde Tull', '拉里·维格斯', 'Camille Wainwright', 'Jamie Wax', 'Sean Welch', 'James Antonio', 'David Austin', 'G·拉里·巴特勒', '法布里奇奥·范特', 'Charles McClelland', '童自荣', '让·弗朗索瓦·布兰查德', '南希·莱内汉', 'Randy Thomas', 'Jack Knight', 'Jamie Anderson', 'Jasmine Jessica Anthony', '比弗莉·琳妮', '霍纳尔·布莱克曼', 'Glen Hambly', 'Joshua Collins', 'Johnny Drocco', 'Jill Matson-Sachoff', 'Jim Antonio', '坎迪丝·阿扎拉']",,1200,141,"['剧情', '传记', '犯罪']",8.6
92,https://www.maoyan.com/films/338349,血战钢锯岭,澳大利亚,2016/12/8,['梅尔·吉布森'],"['安德鲁·加菲尔德', '雨果·维文', '卢克·布雷西', '泰莉莎·帕尔墨', '文斯·沃恩', '萨姆·沃辛顿', '瑞切尔·格里菲斯', '理查德·劳斯伯格', '费拉斯·迪拉尼', '卢克·佩格勒', '戈兰·克鲁特', '哈里·格林伍德', '麦克·西斯比', '藤井明', '安倍潼', '卡莎·丝黛尔马赫', '赫尔穆特·巴凯蒂斯', 'Philip Quast', '托马斯·昂格', 'Laurence Brewer', '内森奈尔·布佐里克', '马修·纳贝尔', '瑞安·柯尔', '詹姆斯·麦凯', '比尔·扬', '米兰· 普尔弗马克', 'Shaun Phillip Cantwell', 'Robert Morgan', '本·奥图尔', '奥利·普费弗', '本尼迪克·哈迪', 'Nico Cortez', 'Yuki Nagashima', 'Jarin Towney', 'Tim McGarry', 'Richard Pratt', 'Laura Buckton', 'Thatcher McMaster', 'Charles Jacobs', 'Andrew Sears', 'Troy Pickering', 'James Moffett', 'Andrew Hansch', 'Adrian Twigg', 'Bill Thompson', 'Eric Taugherbeck', 'Hayden Geens', 'Ned Law', 'Kazuki Yuyama', 'Daisaku Takeda', '亚当·鲍斯', 'Michael Hennessy', 'Benjamin McCann', 'Charles Upton', 'Toshiyuki Teramoto', ""James O'Connell"", 'Tim Potter', 'Roman Guerriero', 'Kazuaki Ono', 'Darcy Bryce', 'John Batziolas', 'Santo Tripodi', 'Honsen Haga', 'Nathan Halls', 'James Lugton', '泰勒·科宾', 'Anthony Rizzo', 'Simon Edds', 'Georgia Adamson', '萨姆·帕尔森森', 'Ryuzaburo Naruse', 'Desmond T. Doss', 'Richard Platt', 'Ben Mingay', 'Richard Pyros', '米洛·吉布森', 'Jason Pugh', 'Nobuaki Shimamoto', 'Jim Robison', 'Daniel Thone', 'Raphael Dubois', 'Chris Bartlett', 'Jim Punnett', 'Andrew Green', 'Tristan Jones', 'Craig Reeves', 'Kyle Wilson', 'Sam Romain', 'John Cannon', 'Andrew Wang', 'Luke McMahon', 'Glen Snow', 'Mark Gadaleta', 'Jacob Warner', 'Damien Thomlinson', 'Mikael Koski', 'Nathan Baird', 'Daniel Keen', 'Leo Tam', 'Nicholas Cowey', '春日博', 'Sean Lynch', 'Dennis Kreusler', 'Samuel Ross Forbes Wright', '杨枝龙田', '杰里米·科斯特洛', 'Joshua Dean Williams', '植松高', 'William Takayanagi-Temm', '马特·纳夫莱', '罗伯特·摩根', '拉斐尔·杜布瓦', '瑞恩·科尔', 'Helmut Bakaitis', '菲利普·夸斯特', 'Samuel R. Wright', 'Josh Dean Williams', 'Adam Bowes']",11766,42582,139,"['剧情', '战争', '历史', '传记']",9.3
93,https://www.maoyan.com/films/1379,真爱至上,英国,2003/11/14,['理查德·柯蒂斯'],"['休·格兰特', '比尔·奈伊', '连姆·尼森', '科林·费斯', '艾玛·汤普森', '劳拉·琳妮', '马丁·弗瑞曼', '丹妮丝·理查兹', '艾伦·瑞克曼', '凯拉·奈特莉', '西耶娜·盖尔利', '克里斯•马歇尔', '切瓦特·埃加福特', '尼娜·索珊娅', '托马斯·布罗迪-桑斯特', '罗德里戈·桑托罗', '比利·鲍伯·松顿', '约翰·沙拉恩', '詹纽瑞·琼斯', '亚当·戈德利', '克劳迪亚·席弗', '沙隆·伊丽莎白', '海克·玛卡琪', '丹·弗雷登堡', '爱德华·哈德威克', '安德鲁·林肯', '格莱格·费什尔', '罗瑞·麦克格雷格', '乔安娜·佩姬', '玛汀·麦古基安', '蒂姆·哈特威尔', '强特·威汀顿', '朱莉亚·戴维斯', '威利·朗莫', '德科兰·当纳利', '伊丽莎白·马高尼', '麦乐迪斯·奥斯特姆', '迈克尔·菲茨杰拉德', '格伦·康洛伊', '伊丽莎·库斯伯特', '艾玛·巴克利', '斯特华特·豪森', '戴夫·费什尔', '南茜·索瑞尔', 'Lulu Popplewell', 'Frank Moorey', 'Jill Freud', 'Lynden David Hall', 'The Big Blue', '阿卜杜勒·萨利斯', 'Alan Barnes', 'Shaughan Seymour', 'Helen Murton', 'Caroline John', 'Gemma Aston', 'Matt Harvey', 'Adrian Preater', 'Joanna Thaw', 'Junior Simpson', '布莱恩·博维尔', 'Sarah McDougall', '马库斯·布里斯托克', 'Richard Hawley', '吉莲·巴奇', 'Richard Wills-Cotton', '凯特·布兹·伦纳', 'Kate Glover', 'Nicola McRoy', 'Ant McPartlin', '露西娅·莫尼斯', '彼得·马林克', 'Keir Charles', 'Doraly Rosen', 'Meg Wynn Owen', 'Carol Carey', 'Jo Whiley', 'Sarah Atkinson', 'Clare Bennett', 'Sarah Holland', 'Vicki Murdoch', 'Katherine Poulton', 'Tuuli', '塞伦·奥德里斯科尔', 'William Wadham', 'Catia Duarte', 'Igor Urdenko', 'Nat Udom', 'Ines Boughanmi', 'Yuk Sim Yau', '伊万娜·米利塞维奇', 'Wes Butters', 'Laura Rees', 'Terry Reece', 'Colin Coull', '玛格里·梅森', 'Katharine Bailey', 'Tiffany Boysell', 'Georgia Flint', '乔安娜·培根', 'Bill Moody', 'Billy Campbell', 'Paul Slack', '奥利维亚·奥尔森', 'Ruby Turner', 'Amanda Garwood', '阿图罗·韦尼加斯', 'Patrick Delaney', 'Helder Costa', 'Carla Vasconcelos', 'Paul Heasman', 'Tony Lucken', 'Raul Atalaia', 'Rebecca Frayn', 'Sheila Allen', 'Jamie Edgell', '罗温·艾金森', '理查德·柯蒂斯', '迈克尔·帕金森', '迈克尔·菲兹杰拉德', 'Anthony McPartlin']",,,135,"['剧情', '喜剧', '爱情']",8.6
94,https://www.maoyan.com/films/672130,奇迹男孩,美国,2018/1/19,['斯蒂芬·卓博斯基'],"['雅各布·特瑞布雷', '朱莉娅·罗伯茨', '欧文·威尔逊', '伊扎贝拉·维多维奇', '曼迪·帕廷金', '戴维德·迪格斯', '诺亚·尤佩', '布莱斯·盖瑟', '艾尔·麦金农', '泰·孔西利奥', '詹姆斯·休斯', '凯尔·布瑞特科夫', '米莉·戴维斯', '莉娅·朱厄特', '凯琳·布瑞特科夫', '利亚姆·迪肯森', '艾玛·特伦布莱', '阿里·利伯特', '索妮亚·布拉加', '斯蒂夫·康拉德', '孔祥艾', '丹妮尔·罗丝·拉塞尔', '纳吉·杰特', '马克·多兹劳', '鲁奇娅·伯纳德', 'J·道格拉斯·斯图瓦特', '埃丽卡·麦基特里克', '本杰明·拉特纳', '杰森·麦金农', '吉洁特', '艾玛·特瑞布雷', '瑞秋·海沃德', 'Sasha Neuhaus', 'Callahan Brebner', 'Grayson Maxwell Gurnsey', '史蒂夫·巴西奇', 'Armen Bagdasarov', 'Douglas Stewart', 'Nicole Oliver', '克瑞斯塔尔·洛维']",5467,19151,113,"['剧情', '家庭']",9.2
95,https://www.maoyan.com/films/1202,大鱼,美国,2003/12/4,['蒂姆·波顿'],"['伊万·麦克格雷格', '阿尔伯特·芬尼', '杰西卡·兰格', '比利·克鲁德普', '海伦娜·伯翰·卡特', '艾莉森·洛曼', '罗伯特·吉尔劳姆', '玛丽昂·歌迪亚', '米西·派勒', '史蒂夫·布西密', '丹尼·德维托', '麦莉·赛勒斯', '大卫·丹曼', '卢顿·万恩怀特三世', '迪普·罗伊', '弗兰克·霍伊·泰勒', 'Don Young', '扎克·哈内尔', '邦妮·约翰逊', 'John Collier', 'Adam Ragsdale', 'Michael Shunnarah', 'Haley Hill', 'Shayne Tingle', 'Jacob Williams', 'Darlene Moore', 'Bruce Snowedon', 'Robin Steele', 'Will Thomas', 'Cade Saint', 'Benjamin Plaut', 'Spanky (昵称', 'Mark McWhorter', 'Collins Holt', 'Chris Cate', 'Jonathan Castile', 'Brandon Carroll', 'Ransom Gates', 'Bevin Kaye', 'Jake Brake', 'C. Alan Rawlins', 'Michael Garnet Stewart', 'Edward Aldag', 'Barry C. Harvard', 'Vincent J. Ybiernas', 'Metz Duites', 'John Fugate', 'Cathy Berry', 'Karlos Walkes', 'Jacob Radford', '崔沃·加格农', '乔安·潘考', 'Howard Houston Jr', 'Lawrence Sykkmon', 'Jeff Campbell', '乔治·麦克阿瑟', 'Greg Hohn', 'David Ramsey', 'Jayne Morgan', 'James DeForest Parker', 'Billy Redden', 'Savanna James', 'Charles McLawhorn', 'Sallie Hedrick', 'Morgan Grace Jarrett', 'Joseph Humphrey', 'Darrell Vanterpool', 'John Lowell', 'Zachary Gardner', 'Karla Droege', 'R.基斯·哈里斯', 'Grayson Stone', '海利·安妮·内尔森', 'Perry Walston', '艾达·泰', '马修·麦克格罗里', '丹尼尔·华莱士', '拉塞尔·霍奇金森', '加里·牛顿', '艾伦妮·泰', 'Zac Gardner']",,,125,['奇幻'],8.6
96,https://www.maoyan.com/films/4883,钢琴家,法国,2002/5/24,['罗曼·波兰斯基'],"['艾德里安·布洛迪', '艾米莉娅·福克斯', '米哈乌·热布罗夫斯基', '埃德·斯托帕德', '穆琳·利普曼', '弗兰克·芬莱', 'Wanja·穆埃斯', '茱莉亚·蕾娜', '理查德·赖丁斯', 'Anthony Milner', '约阿希姆·保罗·阿斯波克', '丹尼尔·卡尔塔吉罗内', '泽比纽·扎马洲斯基', '玛雅·奥丝塔泽斯卡', '约翰·贝内特', 'Cyril Shaps', '罗南·韦伯特', 'Katarzyna Figura', '瓦伦丁·佩尔卡', '安德鲁·蒂曼', 'Tom Strauss', '托马斯·克莱舒曼', '帕韦尔·伯克齐克', '马里安·杰奇茨', 'Jaroslaw Kopaczewski', 'Dorota Liliental', '安杰伊·皮耶钦斯基', '莫嘉娜·波兰斯基', 'Andrzej Szenajch', 'Maciej Winkler', 'Tadeusz Wojtych', 'Maciej Kowalewski', '波利斯·席克', 'Jacek Wolszczak', 'Pawel Zdun', 'David Szurmiej', 'Izabella Szolc', 'Dagmara Sieminska', '阿克西尔·普拉尔', 'Aleksandra Nizynska', 'Adam Malecki', '帕威·马拉欣斯基', 'Ireneusz Machnicki', 'Ryszard Kluge', 'Adrian Hood', 'Anna Gryszka', 'Rafal Dajbor', 'Xawery Zylber', 'Maurycy Zylber', 'Andrzej Zielinski', '比涅尔·瓦勒斯', 'Andrzej Walden', '托马斯斯·泰迪克', 'Weronika Szen', 'Piotr Siejka', 'Norbert Rakowski', 'Rafal Mohr', 'Dmitri Leshchenko', 'Patrick Lanagan', '约翰·基奥', 'Jerzy Góralczyk', 'Nina Franoszek', 'Zbigniew Dziduch', 'Adam Baumann', 'Grzegorz Artman', '塞萨里·科辛斯基', '克日什托夫·皮耶钦斯基', 'Peter Rappenglück', 'Torsten Flach', 'Frank-Michael Köbe', '露丝·普拉特', 'Lech Mackiewicz', 'Wojciech Smolarz', '卡塔基娜·巴吉洛斯卡', '乔安娜·布罗兹克', 'Uwe Rathsam', '乌多·科罗施瓦德', '索菲娅·切尔文斯卡', '波佩克', 'Detlev von Wangenheim', 'Lejb Fogelman', 'Darian Wawer', '安杰伊·布卢门菲尔德', 'Paul Bradley', 'Roy Smiles', 'Thomas Lawincky', 'Ben Harlan', 'Roddy Skeaping', 'Lucy Skeaping', 'Nomi Sharron', '杰西卡·凯特·梅耶尔', '雅努什·奥莱伊尼恰克', 'Emilio Fernandez', '爱德·斯托帕德', 'Adam Bauman']",,,150,"['剧情', '音乐', '传记', '战争']",8.9
97,https://www.maoyan.com/films/1233,饮食男女,中国台湾,1994/8/3,['李安'],"['郎雄', '吴倩莲', '杨贵媚', '王渝文', '张艾嘉', '赵文瑄', '陈昭荣', '归亚蕾', '陈哲民', 'Yu Chen', '洪其德', '许敬民', 'Huel-Yi Lin', 'Shih-Jay Lin', 'Chin-Cheng Lu', '聂卓晶', '唐语谦', '丁仲', '左正芬', 'Chuen Wang', '王瑞', 'Hwa Wu', '迈克尔·泰勒', 'Po-hsiung Wu', '陈捷文', '卢金城', '杜满生', '王珏', '陈妤', 'Chung Ting', 'Michael Taylor']",,,124,"['剧情', '家庭']",8.8
98,https://www.maoyan.com/films/20131,致命魔术,美国,2006/10/17,['克里斯托弗·诺兰'],"['休·杰克曼', '克里斯蒂安·贝尔', '迈克尔·凯恩', '斯嘉丽·约翰逊', '派珀·佩拉博', 'Jesse Wilde', 'Deanna Lynn Walsh', 'Inna Swann', '加里·西沃斯', 'Wendy Rosoff', 'Tim Pilleri', 'Ernest Heinz', 'Erin Cipolletti', 'Basil McCurry', 'Chris Cleveland', 'Rob Arbogast', 'Clive Kennedy', '恩·赖特尔', 'Nikki Glick', 'Jodi Bianca Wise', 'Scott Davis', 'Brian Tahash', 'Sam Menning', 'James Otis', 'Christopher Judges', '爱德华·希伯特', 'Kevin Will', '拉什·费加', 'Johnny Liska', 'Zoe Merg', 'Olivia Merg', '詹姆斯·兰开斯特', 'Ezra Buzzington', 'Julie Sanford', 'Sean Howse', '威廉·摩根·谢泼德', 'John B. Crye', 'Gregory Humphreys', '冀朝理', '安东尼·德·马克', 'J. Paul Moore', '雷基·杰伊', '罗恩·帕金斯', 'Monty Stuart', '杰米·哈里斯', '罗杰·里斯', '马克·瑞安', '克里斯托弗·尼姆', '吉姆·皮多克', '安迪·瑟金斯', '大卫·鲍伊', '萨曼塔·马霍林', '丽贝卡·豪尔', '丹尼尔·戴维斯', '罗伯特·阿伯加斯特', 'Christopher Neame', 'Mark Ryan', '超李季', 'Julia Sanford', 'Robert W. Arbogast']",,,130,"['剧情', '悬疑', '惊悚']",8.8
99,https://www.maoyan.com/films/1219776,网络谜踪,美国,2018/12/14,['阿尼什·查甘蒂'],"['约翰·赵', '米切尔·拉', '黛博拉·梅辛', '约瑟夫·李', '萨拉·米博·孙', '亚历克丝·杰恩·高', '梅金·刘', '刘卡雅', '多米尼克·霍夫曼', 'Sylvia Minassian', 'Connor McRaith', '梅丽莎·迪斯尼', '科林·伍德尔', '约瑟夫·约翰·谢尔勒', '阿什丽·艾德纳', '考特尼·劳伦·卡明斯', '朱莉·内桑森', '布拉德·阿布瑞尔', '本·J·皮尔斯', '肯尼思·莫斯利', '托马斯·巴布萨卡', '罗伊·阿布拉姆森', 'Gage Biltoft', '肖恩·奥布赖恩', '瑞克·萨拉比亚', '加布里埃尔·D·安吉尔', '拉桑德拉·吉布森', '布莱恩娜·麦克莱恩', 'Joseph Lee', 'Steven Michael Eich', '肖恩·奥布莱恩', 'Benjamin J. Cain Jr', 'Franchesca Maia', 'Erica Jenkins', 'Reed Buck', 'Rasha Goel', 'Betsy Foldes', 'Erin Henriques', 'John Macey', 'Kristin Herold', 'Johnno Wilson']",1829,3049,102,"['剧情', '悬疑', '犯罪']",8.6
100,https://www.maoyan.com/films/78646,模仿游戏,英国,2015/7/21,['莫滕·泰杜姆'],"['本尼迪克特·康伯巴奇', '凯拉·奈特莉', '马修·古迪', '罗里·金奈尔', '查尔斯·丹斯', '马克·斯特朗', '汤姆·古德曼-希尔', 'James Northcote', '塔彭丝·米德尔顿', '艾伦·里奇', '安库塔·布雷班', '马修·比尔德', '李·阿斯奎斯-科', 'Victoria Wicks', '大卫·G·罗宾逊', 'Viv Weatherall', 'Scott Stevenson', '杰克·塔尔登', 'Josh Wichard', 'Alex Corbet Burcher', '斯图尔特·马修斯', '亚当·诺威尔', '埃里克斯·劳瑟', '丹尼斯·科洛斯克', 'Peter Brown', '杰克·巴农', '理查德·坎贝尔', 'Leigh Dent', '卢克·霍普', '亚历山大·库珀', '汉娜·弗林', 'Lisa Colquhoun', 'Jack Brash', 'James G. Nunn', 'Vincent Idearson', 'Charlie Manton', '伊兰·古德曼', 'Dominic Charman', 'Mike Firth', 'Harry Leonard Parkinson', '格雷斯·卡尔德', 'Lauren Beacham', 'Heather Broderick', '克里斯·考林', '史蒂芬·威丁顿', 'Sam Exley', 'Amber-Rose May', '丹尼尔·查普尔', 'Ingrid Benussi', 'John Redman', 'Nicola-Jayne Wells', 'James Gard', 'Ryan Parker', 'Laurence Kennedy', 'Ben Farrow', '奥斯卡·哈顿', 'Esther Eden', 'David Charkham', 'Samantha Moran', '尼古拉斯·布拉特', 'Guna Gultniece', '约瑟夫·奥利维拉', '黛布拉·利·泰勒', 'Alice Tapfield', 'Tim Van Eyken', 'Bartosz Wandrykow', '利·赫兰德', '阿道夫·希特勒', '温斯顿·丘吉尔', '蒂姆·斯蒂德', 'Miranda Bell', '安德鲁·哈维尔', 'Carmen Coupeau Borras', '阿什利·哈德森', 'Adam Scown', '凡妮莎·柯比', '维尔·博登', '海莉·乔安妮·培根', '哈里·S·杜鲁门', '维多利亚·威克斯', '蒂姆·范·艾肯', '劳伦斯·肯尼迪', '查里斯·丹斯']",1889,5247,114,"['剧情', '战争', '传记']",9.3
